"Fischer, Robert James",0,"Fischer, Robert James",0
"Fischer, Robert James",0,"Fischer, Robert James",0
"Warner, K.",0,"Warner, K.",0
"Warner, K.",0,"Warner, K.",0
"Pupols, Viktors",0,"Pupols, Viktors",0
"Pupols, Viktors",0,"Pupols, Viktors",0
"Fischer, Robert James",0,"Ames, D.",0
"Ames, D.",0,"Ames, D.",0
"Whisler, W.",0,"Fischer, Robert James",0
"Fischer, Robert James",0,"Fischer, Robert James",0
"Fischer, Robert James",0,"Casado, J.",0
"Casado, J.",0,"Casado, J.",0
"Fox, Maurice",0,"Fox, Maurice",0
"Fox, Maurice",0,"Fox, Maurice",0
"Fischer, Robert James",0,"Matthai, H.",0
"Matthai, H.",0,"Matthai, H.",0
"Fischer, Robert James",0,"Sharp, C.",0
"Fischer, Robert James",0,"Sharp, C.",0
"Anderson, Frank Ross",0,"Fischer, Robert James",0
"Fischer, Robert James",0,"Fischer, Robert James",0
"Sobel, Robert",0,"Fischer, Robert James",0
"Sobel, Robert",0,"Fischer, Robert James",0
"Fischer, Robert James",0,"Fischer, Robert James",0
"Fischer, Robert James",0,"Fischer, Robert James",0
"Fischer, Robert James",0,"Fischer, Robert James",0
"Fischer, Robert James",0,"Fischer, Robert James",0
"Shainswit, George",0,"Fischer, Robert James",0
"Fischer, Robert James",0,"Fischer, Robert James",0
"Pavey, Max",0,"Pavey, Max",0
"Pavey, Max",0,"Pavey, Max",0
"Fischer, Robert James",0,"Vine, K.",0
"Vine, K.",0,"Vine, K.",0
"Fischer, Robert James",0,"Fischer, Robert James",0
"Fischer, Robert James",0,"Fischer, Robert James",0
"Turner, Abe",0,"Fischer, Robert James",0
"Turner, Abe",0,"Fischer, Robert James",0
"Fischer, Robert James",0,"Fischer, Robert James",0
"Fischer, Robert James",0,"Fischer, Robert James",0
"Fischer, Robert James",0,"Baron, S.",0
"Fischer, Robert James",0,"Baron, S.",0
"Reshevsky, Samuel Herman",0,"Fischer, Robert James",0
"Reshevsky, Samuel Herman",0,"Fischer, Robert James",0
"Turner, Abe",0,"Fischer, Robert James",0
"Turner, Abe",0,"Fischer, Robert James",0
"Bisguier, Arthur Bernard",0,"Fischer, Robert James",0
"Bisguier, Arthur Bernard",0,"Fischer, Robert James",0
"Hearst, Eliot Sanford",0,"Hearst, Eliot Sanford",0
"Hearst, Eliot Sanford",0,"Hearst, Eliot Sanford",0
"Feuerstein, Arthur William",0,"Fischer, Robert James",0
"Fischer, Robert James",0,"Fischer, Robert James",0
"Fischer, Robert James",0,"Bernstein, Sidney Norman",0
"Bernstein, Sidney Norman",0,"Bernstein, Sidney Norman",0
"Fischer, Robert James",0,"Mednis, Edmar John",0
"Mednis, Edmar John",0,"Mednis, Edmar John",0
"Fischer, Robert James",0,"Pavey, Max",0
"Pavey, Max",0,"Pavey, Max",0
"Fischer, Robert James",0,"Seidman, Herbert",0
"Fischer, Robert James",0,"Seidman, Herbert",0
"Nash, Edmund",0,"Nash, Edmund",0
"Nash, Edmund",0,"Nash, Edmund",0
"Fischer, Robert James",0,"Fischer, Robert James",0
"Fischer, Robert James",0,"Fischer, Robert James",0
"Fischer, Robert James",0,"Santasiere, Anthony Edward",0
"Santasiere, Anthony Edward",0,"Santasiere, Anthony Edward",0
"Fischer, Robert James",0,"Fischer, Robert James",0
"Fischer, Robert James",0,"Fischer, Robert James",0
"Fischer, Robert James",0,"Stevens, W.",0
"Stevens, W.",0,"Stevens, W.",0
"Smith, Kenneth R",0,"Fischer, Robert James",0
"Fischer, Robert James",0,"Fischer, Robert James",0
"Fischer, Robert James",0,"Lapiken, Peter P",0
"Fischer, Robert James",0,"Lapiken, Peter P",0
"Fischer, Robert James",0,"Gross, H.",0
"Gross, H.",0,"Gross, H.",0
"Fischer, Robert James",0,"Fischer, Robert James",0
"Fischer, Robert James",0,"Fischer, Robert James",0
"Owens, B.",0,"Fischer, Robert James",0
"Fischer, Robert James",0,"Fischer, Robert James",0
"Fischer, Robert James",0,"Popovych, Orest",0
"Fischer, Robert James",0,"Popovych, Orest",0
"Fischer, Robert James",0,"Popel, Stephan A",0
"Popel, Stephan A",0,"Popel, Stephan A",0
"Tears, C.",0,"Fischer, Robert James",0
"Fischer, Robert James",0,"Fischer, Robert James",0
"Fischer, Robert James",0,"Fischer, Robert James",0
"Fischer, Robert James",0,"Fischer, Robert James",0
"Fischer, Robert James",0,"Fischer, Robert James",0
"Fischer, Robert James",0,"Fischer, Robert James",0
"Fischer, Robert James",0,"Fischer, Robert James",0
"Fischer, Robert James",0,"Fischer, Robert James",0
"Fischer, Robert James",0,"Fischer, Robert James",0
"Fischer, Robert James",0,"Fischer, Robert James",0
"Fischer, Robert James",0,"Hurttlen, N.",0
"Hurttlen, N.",0,"Hurttlen, N.",0
"Fischer, Robert James",0,"Di Camillo, Attilio",0
"Fischer, Robert James",0,"Di Camillo, Attilio",0
"Feuerstein, Arthur William",0,"Fischer, Robert James",0
"Fischer, Robert James",0,"Fischer, Robert James",0
"Fischer, Robert James",0,"Green, Matthew",0
"Fischer, Robert James",0,"Green, Matthew",0
"Fischer, Robert James",0,"Saidy, Anthony Fred",0
"Fischer, Robert James",0,"Saidy, Anthony Fred",0
"Fischer, Robert James",0,"Di Camillo, Attilio",0
"Fischer, Robert James",0,"Di Camillo, Attilio",0
"Fischer, Robert James",0,"Fischer, Robert James",0
"Fischer, Robert James",0,"Fischer, Robert James",0
"Fischer, Robert James",0,"Sherwin, James T",0
"Fischer, Robert James",0,"Sherwin, James T",0
"Mengarini, Ariel",0,"Fischer, Robert James",0
"Fischer, Robert James",0,"Fischer, Robert James",0
"Fischer, Robert James",0,"Fischer, Robert James",0
"Fischer, Robert James",0,"Fischer, Robert James",0
"Fischer, Robert James",0,"Fischer, Robert James",0
"Fischer, Robert James",0,"Fischer, Robert James",0
"Fischer, Robert James",0,"Fischer, Robert James",0
"Fischer, Robert James",0,"Fischer, Robert James",0
"Fischer, Robert James",0,"Donnelly, W.",0
"Fischer, Robert James",0,"Donnelly, W.",0
"Kalme, Charles I",0,"Fischer, Robert James",0
"Kalme, Charles I",0,"Fischer, Robert James",0
"Otteson, M.",0,"Fischer, Robert James",0
"Otteson, M.",0,"Fischer, Robert James",0
"Fischer, Robert James",0,"Fauber, R.",0
"Fischer, Robert James",0,"Fauber, R.",0
"Fischer, Robert James",0,"Fischer, Robert James",0
"Fischer, Robert James",0,"Fischer, Robert James",0
"Fischer, Robert James",0,"Kampars, N.",0
"Kampars, N.",0,"Kampars, N.",0
"Fischer, Robert James",0,"Fischer, Robert James",0
"Fischer, Robert James",0,"Fischer, Robert James",0
"Fischer, Robert James",0,"Sandrin, Angelo",0
"Fischer, Robert James",0,"Sandrin, Angelo",0
"Fischer, Robert James",0,"Weinberger, Tibor",0
"Fischer, Robert James",0,"Weinberger, Tibor",0
"Fischer, Robert James",0,"Harrow, M.",0
"Harrow, M.",0,"Harrow, M.",0
"Fischer, Robert James",0,"Fischer, Robert James",0
"Fischer, Robert James",0,"Fischer, Robert James",0
"Fischer, Robert James",0,"Fischer, Robert James",0
"Fischer, Robert James",0,"Fischer, Robert James",0
"Fischer, Robert James",0,"Fischer, Robert James",0
"Fischer, Robert James",0,"Fischer, Robert James",0
"Fischer, Robert James",0,"Feuerstein, Arthur William",0
"Fischer, Robert James",0,"Feuerstein, Arthur William",0
"Euwe, Max",0,"Fischer, Robert James",0
"Euwe, Max",0,"Fischer, Robert James",0
"Fischer, Robert James",0,"Euwe, Max",0
"Euwe, Max",0,"Euwe, Max",0
"Fischer, Robert James",0,"Cardoso, Radolfo Tan",0
"Fischer, Robert James",0,"Cardoso, Radolfo Tan",0
"Seidman, Herbert",0,"Fischer, Robert James",0
"Fischer, Robert James",0,"Fischer, Robert James",0
"Fischer, Robert James",0,"Reshevsky, Samuel Herman",0
"Reshevsky, Samuel Herman",0,"Reshevsky, Samuel Herman",0
"Cardoso, Radolfo Tan",0,"Fischer, Robert James",0
"Cardoso, Radolfo Tan",0,"Fischer, Robert James",0
"Fischer, Robert James",0,"Cardoso, Radolfo Tan",0
"Fischer, Robert James",0,"Cardoso, Radolfo Tan",0
"Fischer, Robert James",0,"Fischer, Robert James",0
"Fischer, Robert James",0,"Fischer, Robert James",0
"Fischer, Robert James",0,"Bisguier, Arthur Bernard",0
"Fischer, Robert James",0,"Bisguier, Arthur Bernard",0
"Fischer, Robert James",0,"Fischer, Robert James",0
"Fischer, Robert James",0,"Fischer, Robert James",0
"Berliner, Hans Jack",0,"Fischer, Robert James",0
"Fischer, Robert James",0,"Fischer, Robert James",0
"Fischer, Robert James",0,"Cardoso, Radolfo Tan",0
"Cardoso, Radolfo Tan",0,"Cardoso, Radolfo Tan",0
"Fischer, Robert James",0,"Sherwin, James T",0
"Fischer, Robert James",0,"Sherwin, James T",0
"Cardoso, Radolfo Tan",0,"Fischer, Robert James",0
"Fischer, Robert James",0,"Fischer, Robert James",0
"Fischer, Robert James",0,"Fischer, Robert James",0
"Fischer, Robert James",0,"Fischer, Robert James",0
"Fischer, Robert James",0,"Cardoso, Radolfo Tan",0
"Fischer, Robert James",0,"Cardoso, Radolfo Tan",0
"Fischer, Robert James",0,"Mednis, Edmar John",0
"Fischer, Robert James",0,"Mednis, Edmar John",0
"Fischer, Robert James",0,"Fischer, Robert James",0
"Fischer, Robert James",0,"Fischer, Robert James",0
"Fischer, Robert James",0,"Di Camillo, Attilio",0
"Fischer, Robert James",0,"Di Camillo, Attilio",0
"Denker, Arnold S",0,"Fischer, Robert James",0
"Fischer, Robert James",0,"Fischer, Robert James",0
"Fischer, Robert James",0,"Turner, Abe",0
"Turner, Abe",0,"Turner, Abe",0
"Fischer, Robert James",0,"Sholomson, S.",0
"Fischer, Robert James",0,"Sholomson, S.",0
"Fischer, Robert James",0,"Fischer, Robert James",0
"Fischer, Robert James",0,"Fischer, Robert James",0
"Fischer, Robert James",0,"Fischer, Robert James",0
"Fischer, Robert James",0,"Fischer, Robert James",0
"Fischer, Robert James",0,"Walker, RG.",0
"Fischer, Robert James",0,"Walker, RG.",0
"Ramirez, Gilbert",0,"Fischer, Robert James",0
"Fischer, Robert James",0,"Fischer, Robert James",0
"Fischer, Robert James",0,"Haines, W.",0
"Fischer, Robert James",0,"Haines, W.",0
"Fischer, Robert James",0,"Fischer, Robert James",0
"Fischer, Robert James",0,"Fischer, Robert James",0
"Fischer, Robert James",0,"Fischer, Robert James",0
"Fischer, Robert James",0,"Fischer, Robert James",0
"Fischer, Robert James",0,"Bennett, J1.",0
"Fischer, Robert James",0,"Bennett, J1.",0
"Fischer, Robert James",0,"Mednis, Edmar John",0
"Fischer, Robert James",0,"Mednis, Edmar John",0
"Bisguier, Arthur Bernard",0,"Fischer, Robert James",0
"Fischer, Robert James",0,"Fischer, Robert James",0
"Fischer, Robert James",0,"Fischer, Robert James",0
"Fischer, Robert James",0,"Fischer, Robert James",0
"Byrne, Robert E",0,"Fischer, Robert James",0
"Fischer, Robert James",0,"Fischer, Robert James",0
"Fischer, Robert James",0,"Addison, William",0
"Fischer, Robert James",0,"Addison, William",0
"Pitschak, Rudolf",0,"Fischer, Robert James",0
"Fischer, Robert James",0,"Fischer, Robert James",0
"Fischer, Robert James",0,"Rinaldo, J.",0
"Fischer, Robert James",0,"Rinaldo, J.",0
"Fischer, Robert James",0,"Shipman, Walter",0
"Shipman, Walter",0,"Shipman, Walter",0
"Fischer, Robert James",0,"Stephans, E.",0
"Fischer, Robert James",0,"Stephans, E.",0
"Fischer, Robert James",0,"Witte, V.",0
"Fischer, Robert James",0,"Witte, V.",0
"Fischer, Robert James",0,"Fischer, Robert James",0
"Fischer, Robert James",0,"Fischer, Robert James",0
"Avram, Herbert Mois",0,"Fischer, Robert James",0
"Avram, Herbert Mois",0,"Fischer, Robert James",0
"Fischer, Robert James",0,"Saidy, Anthony Fred",0
"Saidy, Anthony Fred",0,"Saidy, Anthony Fred",0
"Fischer, Robert James",0,"Goldsmith, J.",0
"Fischer, Robert James",0,"Goldsmith, J.",0
"Santasiere, Anthony Edward",0,"Fischer, Robert James",0
"Santasiere, Anthony Edward",0,"Fischer, Robert James",0
"Feuerstein, Arthur William",0,"Fischer, Robert James",0
"Fischer, Robert James",0,"Fischer, Robert James",0
"Fischer, Robert James",0,"Fischer, Robert James",0
"Fischer, Robert James",0,"Fischer, Robert James",0
"Matulovic, Milan",0,"Fischer, Robert James",0
"Matulovic, Milan",0,"Fischer, Robert James",0
"Fischer, Robert James",0,"Janosevic, Dragoljub",0
"Janosevic, Dragoljub",0,"Janosevic, Dragoljub",0
"Janosevic, Dragoljub",0,"Fischer, Robert James",0
"Fischer, Robert James",0,"Fischer, Robert James",0
"Lombardy, William James",0,"Fischer, Robert James",0
"Fischer, Robert James",0,"Fischer, Robert James",0
"Fischer, Robert James",0,"Kalme, G.",0
"Fischer, Robert James",0,"Kalme, G.",0
"Fischer, Robert James",0,"Fischer, Robert James",0
"Fischer, Robert James",0,"Fischer, Robert James",0
"Fischer, Robert James",0,"Weinstein, Raymond Allen",0
"Fischer, Robert James",0,"Weinstein, Raymond Allen",0
"Benko, Pal C",0,"Fischer, Robert James",0
"Fischer, Robert James",0,"Fischer, Robert James",0
"Fischer, Robert James",0,"Reshevsky, Samuel Herman",0
"Fischer, Robert James",0,"Reshevsky, Samuel Herman",0
"Byrne, Donald",0,"Fischer, Robert James",0
"Fischer, Robert James",0,"Fischer, Robert James",0
"Fischer, Robert James",0,"Evans, Larry Melvyn",0
"Evans, Larry Melvyn",0,"Evans, Larry Melvyn",0
"Fischer, Robert James",0,"Fischer, Robert James",0
"Fischer, Robert James",0,"Fischer, Robert James",0
"Fischer, Robert James",0,"Bisguier, Arthur Bernard",0
"Fischer, Robert James",0,"Bisguier, Arthur Bernard",0
"Byrne, Robert E",0,"Fischer, Robert James",0
"Fischer, Robert James",0,"Fischer, Robert James",0
"Fischer, Robert James",0,"Neikirkh, Oleg",0
"Neikirkh, Oleg",0,"Neikirkh, Oleg",0
"Fischer, Robert James",0,"Fischer, Robert James",0
"Fischer, Robert James",0,"Fischer, Robert James",0
"Fischer, Robert James",0,"Rossetto, Hector",0
"Rossetto, Hector",0,"Rossetto, Hector",0
"Benko, Pal C",0,"Fischer, Robert James",0
"Benko, Pal C",0,"Fischer, Robert James",0
"Fischer, Robert James",0,"Bronstein, David I",0
"Bronstein, David I",0,"Bronstein, David I",0
"Averbakh, Yuri L",0,"Fischer, Robert James",0
"Fischer, Robert James",0,"Fischer, Robert James",0
"Fischer, Robert James",0,"Larsen, Bent",0
"Fischer, Robert James",0,"Larsen, Bent",0
"Fischer, Robert James",0,"Fischer, Robert James",0
"Fischer, Robert James",0,"Fischer, Robert James",0
"Fischer, Robert James",0,"Panno, Oscar",0
"Panno, Oscar",0,"Panno, Oscar",0
"Olafsson, Fridrik",0,"Fischer, Robert James",0
"Olafsson, Fridrik",0,"Fischer, Robert James",0
"Fischer, Robert James",0,"Tal, Mihail",0
"Tal, Mihail",0,"Tal, Mihail",0
"Petrosian, Tigran V",0,"Fischer, Robert James",0
"Fischer, Robert James",0,"Fischer, Robert James",0
"Fischer, Robert James",0,"Sherwin, James T",0
"Fischer, Robert James",0,"Sherwin, James T",0
"Fischer, Robert James",0,"Fischer, Robert James",0
"Fischer, Robert James",0,"Fischer, Robert James",0
"Fischer, Robert James",0,"Szabo, Laszlo",0
"Szabo, Laszlo",0,"Szabo, Laszlo",0
"Pachman, Ludek",0,"Fischer, Robert James",0
"Fischer, Robert James",0,"Fischer, Robert James",0
"Fischer, Robert James",0,"Matanovic, Aleksandar",0
"Matanovic, Aleksandar",0,"Matanovic, Aleksandar",0
"Filip, Miroslav",0,"Fischer, Robert James",0
"Fischer, Robert James",0,"Fischer, Robert James",0
"Fischer, Robert James",0,"Cardoso, Radolfo Tan",0
"Fischer, Robert James",0,"Cardoso, Radolfo Tan",0
"Gligoric, Svetozar",0,"Fischer, Robert James",0
"Fischer, Robert James",0,"Fischer, Robert James",0
"Fischer, Robert James",0,"Fischer, Robert James",0
"Fischer, Robert James",0,"Fischer, Robert James",0
"Petrosian, Tigran V",0,"Petrosian, Tigran V",0
"Petrosian, Tigran V",0,"Petrosian, Tigran V",0
"Benko, Pal C",0,"Fischer, Robert James",0
"Fischer, Robert James",0,"Fischer, Robert James",0
"Fischer, Robert James",0,"Gligoric, Svetozar",0
"Fischer, Robert James",0,"Gligoric, Svetozar",0
"Olafsson, Fridrik",0,"Fischer, Robert James",0
"Olafsson, Fridrik",0,"Fischer, Robert James",0
"Tal, Mihail",0,"Fischer, Robert James",0
"Tal, Mihail",0,"Fischer, Robert James",0
"Fischer, Robert James",0,"Smyslov, Vassily",0
"Smyslov, Vassily",0,"Smyslov, Vassily",0
"Keres, Paul",0,"Keres, Paul",0
"Keres, Paul",0,"Keres, Paul",0
"Petrosian, Tigran V",0,"Fischer, Robert James",0
"Petrosian, Tigran V",0,"Fischer, Robert James",0
"Fischer, Robert James",0,"Benko, Pal C",0
"Fischer, Robert James",0,"Benko, Pal C",0
"Gligoric, Svetozar",0,"Fischer, Robert James",0
"Gligoric, Svetozar",0,"Fischer, Robert James",0
"Fischer, Robert James",0,"Olafsson, Fridrik",0
"Fischer, Robert James",0,"Olafsson, Fridrik",0
"Tal, Mihail",0,"Tal, Mihail",0
"Tal, Mihail",0,"Tal, Mihail",0
"Smyslov, Vassily",0,"Fischer, Robert James",0
"Fischer, Robert James",0,"Fischer, Robert James",0
"Fischer, Robert James",0,"Fischer, Robert James",0
"Fischer, Robert James",0,"Fischer, Robert James",0
"Fischer, Robert James",0,"Petrosian, Tigran V",0
"Petrosian, Tigran V",0,"Petrosian, Tigran V",0
"Benko, Pal C",0,"Fischer, Robert James",0
"Fischer, Robert James",0,"Fischer, Robert James",0
"Fischer, Robert James",0,"Gligoric, Svetozar",0
"Gligoric, Svetozar",0,"Gligoric, Svetozar",0
"Olafsson, Fridrik",0,"Fischer, Robert James",0
"Fischer, Robert James",0,"Fischer, Robert James",0
"Tal, Mihail",0,"Fischer, Robert James",0
"Tal, Mihail",0,"Fischer, Robert James",0
"Smyslov, Vassily",0,"Smyslov, Vassily",0
"Smyslov, Vassily",0,"Smyslov, Vassily",0
"Keres, Paul",0,"Keres, Paul",0
"Keres, Paul",0,"Keres, Paul",0
"Petrosian, Tigran V",0,"Fischer, Robert James",0
"Fischer, Robert James",0,"Fischer, Robert James",0
"Fischer, Robert James",0,"Benko, Pal C",0
"Fischer, Robert James",0,"Benko, Pal C",0
"Gligoric, Svetozar",0,"Fischer, Robert James",0
"Fischer, Robert James",0,"Fischer, Robert James",0
"Fischer, Robert James",0,"Olafsson, Fridrik",0
"Fischer, Robert James",0,"Olafsson, Fridrik",0
"Tal, Mihail",0,"Tal, Mihail",0
"Tal, Mihail",0,"Tal, Mihail",0
"Fischer, Robert James",0,"Fischer, Robert James",0
"Fischer, Robert James",0,"Fischer, Robert James",0
"Fischer, Robert James",0,"Fischer, Robert James",0
"Fischer, Robert James",0,"Fischer, Robert James",0
"Sanchez, Luis A",0,"Fischer, Robert James",0
"Fischer, Robert James",0,"Fischer, Robert James",0
"Fischer, Robert James",0,"Fischer, Robert James",0
"Fischer, Robert James",0,"Fischer, Robert James",0
"Najdorf, Miguel",0,"Fischer, Robert James",0
"Fischer, Robert James",0,"Fischer, Robert James",0
"Fischer, Robert James",0,"Fischer, Robert James",0
"Fischer, Robert James",0,"Fischer, Robert James",0
"Fischer, Robert James",0,"Shocron, Ruben",0
"Fischer, Robert James",0,"Shocron, Ruben",0
"Ivkov, Borislav",0,"Fischer, Robert James",0
"Fischer, Robert James",0,"Fischer, Robert James",0
"Fischer, Robert James",0,"Rossetto, Hector",0
"Fischer, Robert James",0,"Rossetto, Hector",0
"Pachman, Ludek",0,"Pachman, Ludek",0
"Pachman, Ludek",0,"Pachman, Ludek",0
"Fischer, Robert James",0,"Sanguineti, Raul",0
"Fischer, Robert James",0,"Sanguineti, Raul",0
"Fischer, Robert James",0,"Emma, Jaime",0
"Emma, Jaime",0,"Emma, Jaime",0
"Fischer, Robert James",0,"Bolbochan, Jacobo",0
"Fischer, Robert James",0,"Bolbochan, Jacobo",0
"Letelier, Rene",0,"Letelier, Rene",0
"Letelier, Rene",0,"Letelier, Rene",0
"Fischer, Robert James",0,"Fischer, Robert James",0
"Fischer, Robert James",0,"Fischer, Robert James",0
"Fischer, Robert James",0,"Bisguier, Arthur Bernard",0
"Fischer, Robert James",0,"Bisguier, Arthur Bernard",0
"Byrne, Robert E",0,"Fischer, Robert James",0
"Fischer, Robert James",0,"Fischer, Robert James",0
"Fischer, Robert James",0,"Weinstein, Raymond Allen",0
"Weinstein, Raymond Allen",0,"Weinstein, Raymond Allen",0
"Fischer, Robert James",0,"Fischer, Robert James",0
"Fischer, Robert James",0,"Fischer, Robert James",0
"Fischer, Robert James",0,"Ault, Robin",0
"Fischer, Robert James",0,"Ault, Robin",0
"Sherwin, James T",0,"Fischer, Robert James",0
"Fischer, Robert James",0,"Fischer, Robert James",0
"Fischer, Robert James",0,"Seidman, Herbert",0
"Fischer, Robert James",0,"Seidman, Herbert",0
"Fischer, Robert James",0,"Bernstein, Sidney Norman",0
"Fischer, Robert James",0,"Bernstein, Sidney Norman",0
"Fischer, Robert James",0,"Fischer, Robert James",0
"Fischer, Robert James",0,"Fischer, Robert James",0
"Fischer, Robert James",0,"Benko, Pal C",0
"Fischer, Robert James",0,"Benko, Pal C",0
"Reshevsky, Samuel Herman",0,"Fischer, Robert James",0
"Fischer, Robert James",0,"Fischer, Robert James",0
"Fischer, Robert James",0,"Sanchez, Luis A",0
"Fischer, Robert James",0,"Sanchez, Luis A",0
"Fischer, Robert James",0,"Fischer, Robert James",0
"Fischer, Robert James",0,"Fischer, Robert James",0
"Ivkov, Borislav",0,"Ivkov, Borislav",0
"Ivkov, Borislav",0,"Ivkov, Borislav",0
"Sanguineti, Raul",0,"Fischer, Robert James",0
"Sanguineti, Raul",0,"Fischer, Robert James",0
"Fischer, Robert James",0,"Stekel Grunberg, Moises",0
"Fischer, Robert James",0,"Stekel Grunberg, Moises",0
"Pachman, Ludek",0,"Fischer, Robert James",0
"Pachman, Ludek",0,"Fischer, Robert James",0
"Fischer, Robert James",0,"Letelier, Rene",0
"Fischer, Robert James",0,"Letelier, Rene",0
"Fischer, Robert James",0,"Fischer, Robert James",0
"Fischer, Robert James",0,"Fischer, Robert James",0
"Fischer, Robert James",0,"Flores Alvarez, Rodrigo",0
"Flores Alvarez, Rodrigo",0,"Flores Alvarez, Rodrigo",0
"Jauregui Andrade, Carlos",0,"Fischer, Robert James",0
"Jauregui Andrade, Carlos",0,"Fischer, Robert James",0
"Fischer, Robert James",0,"Pilnik, Herman",0
"Fischer, Robert James",0,"Pilnik, Herman",0
"Fischer, Robert James",0,"Fischer, Robert James",0
"Fischer, Robert James",0,"Fischer, Robert James",0
"Tal, Mihail",0,"Fischer, Robert James",0
"Fischer, Robert James",0,"Fischer, Robert James",0
"Fischer, Robert James",0,"Fischer, Robert James",0
"Fischer, Robert James",0,"Fischer, Robert James",0
"Gligoric, Svetozar",0,"Fischer, Robert James",0
"Gligoric, Svetozar",0,"Fischer, Robert James",0
"Fischer, Robert James",0,"Unzicker, Wolfgang",0
"Fischer, Robert James",0,"Unzicker, Wolfgang",0
"Fischer, Robert James",0,"Nievergelt, Erwin",0
"Fischer, Robert James",0,"Nievergelt, Erwin",0
"Fischer, Robert James",0,"Larsen, Bent",0
"Larsen, Bent",0,"Larsen, Bent",0
"Fischer, Robert James",0,"Kupper, Josef",0
"Fischer, Robert James",0,"Kupper, Josef",0
"Fischer, Robert James",0,"Keres, Paul",0
"Fischer, Robert James",0,"Keres, Paul",0
"Keller, Dieter",0,"Keller, Dieter",0
"Keller, Dieter",0,"Keller, Dieter",0
"Fischer, Robert James",0,"Bhend, Edwin",0
"Fischer, Robert James",0,"Bhend, Edwin",0
"Fischer, Robert James",0,"Fischer, Robert James",0
"Fischer, Robert James",0,"Fischer, Robert James",0
"Fischer, Robert James",0,"Fischer, Robert James",0
"Fischer, Robert James",0,"Fischer, Robert James",0
"Blau, Max",0,"Fischer, Robert James",0
"Fischer, Robert James",0,"Fischer, Robert James",0
"Barcza, Gedeon",0,"Fischer, Robert James",0
"Fischer, Robert James",0,"Fischer, Robert James",0
"Walther, Edgar",0,"Fischer, Robert James",0
"Fischer, Robert James",0,"Fischer, Robert James",0
"Fischer, Robert James",0,"Darga, Klaus",0
"Fischer, Robert James",0,"Darga, Klaus",0
"Fischer, Robert James",0,"Foguelman, Alberto",0
"Foguelman, Alberto",0,"Foguelman, Alberto",0
"Szabo, Laszlo",0,"Fischer, Robert James",0
"Fischer, Robert James",0,"Fischer, Robert James",0
"Fischer, Robert James",0,"Rossetto, Hector",0
"Fischer, Robert James",0,"Rossetto, Hector",0
"Fischer, Robert James",0,"Ivkov, Borislav",0
"Ivkov, Borislav",0,"Ivkov, Borislav",0
"Eliskases, Erich Gottlieb",0,"Fischer, Robert James",0
"Eliskases, Erich Gottlieb",0,"Fischer, Robert James",0
"Fischer, Robert James",0,"Pachman, Ludek",0
"Pachman, Ludek",0,"Pachman, Ludek",0
"Wexler, Bernardo",0,"Fischer, Robert James",0
"Wexler, Bernardo",0,"Fischer, Robert James",0
"Uhlmann, Wolfgang",0,"Uhlmann, Wolfgang",0
"Uhlmann, Wolfgang",0,"Uhlmann, Wolfgang",0
"Taimanov, Mark E",0,"Fischer, Robert James",0
"Fischer, Robert James",0,"Fischer, Robert James",0
"Fischer, Robert James",0,"Reshevsky, Samuel Herman",0
"Reshevsky, Samuel Herman",0,"Reshevsky, Samuel Herman",0
"Unzicker, Wolfgang",0,"Fischer, Robert James",0
"Unzicker, Wolfgang",0,"Fischer, Robert James",0
"Fischer, Robert James",0,"Olafsson, Fridrik",0
"Olafsson, Fridrik",0,"Olafsson, Fridrik",0
"Evans, Larry Melvyn",0,"Fischer, Robert James",0
"Fischer, Robert James",0,"Fischer, Robert James",0
"Fischer, Robert James",0,"Kortschnoj, Viktor",0
"Kortschnoj, Viktor",0,"Kortschnoj, Viktor",0
"Fischer, Robert James",0,"Fischer, Robert James",0
"Fischer, Robert James",0,"Fischer, Robert James",0
"Fischer, Robert James",0,"Bazan, Osvaldo",0
"Bazan, Osvaldo",0,"Bazan, Osvaldo",0
"Gligoric, Svetozar",0,"Fischer, Robert James",0
"Fischer, Robert James",0,"Fischer, Robert James",0
"Fischer, Robert James",0,"Wade, Robert Graham",0
"Fischer, Robert James",0,"Wade, Robert Graham",0
"Benko, Pal C",0,"Fischer, Robert James",0
"Benko, Pal C",0,"Fischer, Robert James",0
"Fischer, Robert James",0,"Tal, Mihail",0
"Tal, Mihail",0,"Tal, Mihail",0
"Fischer, Robert James",0,"Ghitescu, Theodor",0
"Fischer, Robert James",0,"Ghitescu, Theodor",0
"Fischer, Robert James",0,"Fischer, Robert James",0
"Fischer, Robert James",0,"Fischer, Robert James",0
"Penrose, Jonathan",0,"Fischer, Robert James",0
"Fischer, Robert James",0,"Fischer, Robert James",0
"Munoz, Cesar",0,"Munoz, Cesar",0
"Munoz, Cesar",0,"Munoz, Cesar",0
"Fischer, Robert James",0,"Bobotsov, Milko G",0
"Fischer, Robert James",0,"Bobotsov, Milko G",0
"Jimenez Zerquera, Eleazar",0,"Fischer, Robert James",0
"Fischer, Robert James",0,"Fischer, Robert James",0
"Gligoric, Svetozar",0,"Fischer, Robert James",0
"Gligoric, Svetozar",0,"Fischer, Robert James",0
"O'Kelly de Galway, Alberic",0,"Fischer, Robert James",0
"Fischer, Robert James",0,"Fischer, Robert James",0
"Fischer, Robert James",0,"Fischer, Robert James",0
"Fischer, Robert James",0,"Fischer, Robert James",0
"Fischer, Robert James",0,"Euwe, Max",0
"Fischer, Robert James",0,"Euwe, Max",0
"Fischer, Robert James",0,"Fischer, Robert James",0
"Fischer, Robert James",0,"Fischer, Robert James",0
"Fischer, Robert James",0,"Najdorf, Miguel",0
"Najdorf, Miguel",0,"Najdorf, Miguel",0
"Fischer, Robert James",0,"Fischer, Robert James",0
"Fischer, Robert James",0,"Fischer, Robert James",0
"Fischer, Robert James",0,"Unzicker, Wolfgang",0
"Fischer, Robert James",0,"Unzicker, Wolfgang",0
"Unzicker, Wolfgang",0,"Fischer, Robert James",0
"Fischer, Robert James",0,"Fischer, Robert James",0
"Fischer, Robert James",0,"Pachman, Ludek",0
"Fischer, Robert James",0,"Pachman, Ludek",0
"Fischer, Robert James",0,"Fischer, Robert James",0
"Fischer, Robert James",0,"Fischer, Robert James",0
"Fischer, Robert James",0,"Fischer, Robert James",0
"Fischer, Robert James",0,"Fischer, Robert James",0
"Spassky, Boris V",0,"Fischer, Robert James",0
"Spassky, Boris V",0,"Fischer, Robert James",0
"Fischer, Robert James",0,"Gadia, Okicio",0
"Fischer, Robert James",0,"Gadia, Okicio",0
"Fischer, Robert James",0,"Fischer, Robert James",0
"Fischer, Robert James",0,"Fischer, Robert James",0
"Fischer, Robert James",0,"Eliskases, Erich Gottlieb",0
"Fischer, Robert James",0,"Eliskases, Erich Gottlieb",0
"Fischer, Robert James",0,"Fischer, Robert James",0
"Fischer, Robert James",0,"Fischer, Robert James",0
"Fischer, Robert James",0,"Olafsson, Fridrik",0
"Fischer, Robert James",0,"Olafsson, Fridrik",0
"Fischer, Robert James",0,"Fischer, Robert James",0
"Fischer, Robert James",0,"Fischer, Robert James",0
"Fischer, Robert James",0,"Bielicki, Carlos",0
"Fischer, Robert James",0,"Bielicki, Carlos",0
"Fischer, Robert James",0,"Fischer, Robert James",0
"Fischer, Robert James",0,"Fischer, Robert James",0
"Fischer, Robert James",0,"Incutto, Carlos",0
"Fischer, Robert James",0,"Incutto, Carlos",0
"Bronstein, David I",0,"Fischer, Robert James",0
"Fischer, Robert James",0,"Fischer, Robert James",0
"Fischer, Robert James",0,"Alvarez del Monte, Jose Luis",0
"Fischer, Robert James",0,"Alvarez del Monte, Jose Luis",0
"Fischer, Robert James",0,"Fischer, Robert James",0
"Fischer, Robert James",0,"Fischer, Robert James",0
"Fischer, Robert James",0,"Marini, Luis",0
"Fischer, Robert James",0,"Marini, Luis",0
"Fischer, Robert James",0,"Weinstein, Raymond Allen",0
"Fischer, Robert James",0,"Weinstein, Raymond Allen",0
"Fischer, Robert James",0,"Fischer, Robert James",0
"Fischer, Robert James",0,"Fischer, Robert James",0
"Fischer, Robert James",0,"Kalme, G.",0
"Kalme, G.",0,"Kalme, G.",0
"Reshevsky, Samuel Herman",0,"Fischer, Robert James",0
"Fischer, Robert James",0,"Fischer, Robert James",0
"Fischer, Robert James",0,"Berliner, Hans Jack",0
"Fischer, Robert James",0,"Berliner, Hans Jack",0
"Fischer, Robert James",0,"Seidman, Herbert",0
"Fischer, Robert James",0,"Seidman, Herbert",0
"Byrne, Robert E",0,"Fischer, Robert James",0
"Fischer, Robert James",0,"Fischer, Robert James",0
"Fischer, Robert James",0,"Sherwin, James T",0
"Fischer, Robert James",0,"Sherwin, James T",0
"Fischer, Robert James",0,"Fischer, Robert James",0
"Fischer, Robert James",0,"Fischer, Robert James",0
"Fischer, Robert James",0,"Benko, Pal C",0
"Benko, Pal C",0,"Benko, Pal C",0
"Fischer, Robert James",0,"Fischer, Robert James",0
"Fischer, Robert James",0,"Fischer, Robert James",0
"Fischer, Robert James",0,"Olafsson, Fridrik",0
"Fischer, Robert James",0,"Olafsson, Fridrik",0
"Fischer, Robert James",0,"Fischer, Robert James",0
"Fischer, Robert James",0,"Fischer, Robert James",0
"Fischer, Robert James",0,"Johannsson, Ingi Randver",0
"Fischer, Robert James",0,"Johannsson, Ingi Randver",0
"Thorbergsson, Freysteinn",0,"Fischer, Robert James",0
"Fischer, Robert James",0,"Fischer, Robert James",0
"Gligoric, Svetozar",0,"Fischer, Robert James",0
"Fischer, Robert James",0,"Fischer, Robert James",0
"Fischer, Robert James",0,"Tal, Mihail",0
"Fischer, Robert James",0,"Tal, Mihail",0
"Donner, Jan Hein",0,"Fischer, Robert James",0
"Fischer, Robert James",0,"Fischer, Robert James",0
"Fischer, Robert James",0,"Olafsson, Fridrik",0
"Fischer, Robert James",0,"Olafsson, Fridrik",0
"Parma, Bruno",0,"Fischer, Robert James",0
"Fischer, Robert James",0,"Fischer, Robert James",0
"Fischer, Robert James",0,"Geller, Efim P",0
"Fischer, Robert James",0,"Geller, Efim P",0
"Darga, Klaus",0,"Fischer, Robert James",0
"Fischer, Robert James",0,"Fischer, Robert James",0
"Fischer, Robert James",0,"Matanovic, Aleksandar",0
"Matanovic, Aleksandar",0,"Matanovic, Aleksandar",0
"Fischer, Robert James",0,"Fischer, Robert James",0
"Fischer, Robert James",0,"Fischer, Robert James",0
"Fischer, Robert James",0,"Bertok, Mario",0
"Fischer, Robert James",0,"Bertok, Mario",0
"Pachman, Ludek",0,"Fischer, Robert James",0
"Fischer, Robert James",0,"Fischer, Robert James",0
"Germek, Milan",0,"Fischer, Robert James",0
"Fischer, Robert James",0,"Fischer, Robert James",0
"Fischer, Robert James",0,"Trifunovic, Petar",0
"Fischer, Robert James",0,"Trifunovic, Petar",0
"Fischer, Robert James",0,"Udovcic, Mijo",0
"Udovcic, Mijo",0,"Udovcic, Mijo",0
"Fischer, Robert James",0,"Fischer, Robert James",0
"Fischer, Robert James",0,"Fischer, Robert James",0
"Fischer, Robert James",0,"Keres, Paul",0
"Keres, Paul",0,"Keres, Paul",0
"Najdorf, Miguel",0,"Fischer, Robert James",0
"Fischer, Robert James",0,"Fischer, Robert James",0
"Fischer, Robert James",0,"Petrosian, Tigran V",0
"Fischer, Robert James",0,"Petrosian, Tigran V",0
"Ivkov, Borislav",0,"Fischer, Robert James",0
"Fischer, Robert James",0,"Fischer, Robert James",0
"Reshevsky, Samuel Herman",0,"Fischer, Robert James",0
"Reshevsky, Samuel Herman",0,"Fischer, Robert James",0
"Fischer, Robert James",0,"Reshevsky, Samuel Herman",0
"Fischer, Robert James",0,"Reshevsky, Samuel Herman",0
"Reshevsky, Samuel Herman",0,"Fischer, Robert James",0
"Fischer, Robert James",0,"Fischer, Robert James",0
"Fischer, Robert James",0,"Reshevsky, Samuel Herman",0
"Reshevsky, Samuel Herman",0,"Reshevsky, Samuel Herman",0
"Fischer, Robert James",0,"Fischer, Robert James",0
"Fischer, Robert James",0,"Fischer, Robert James",0
"Fischer, Robert James",0,"Reshevsky, Samuel Herman",0
"Reshevsky, Samuel Herman",0,"Reshevsky, Samuel Herman",0
"Reshevsky, Samuel Herman",0,"Fischer, Robert James",0
"Reshevsky, Samuel Herman",0,"Fischer, Robert James",0
"Fischer, Robert James",0,"Reshevsky, Samuel Herman",0
"Reshevsky, Samuel Herman",0,"Reshevsky, Samuel Herman",0
"Reshevsky, Samuel Herman",0,"Fischer, Robert James",0
"Fischer, Robert James",0,"Fischer, Robert James",0
"Fischer, Robert James",0,"Reshevsky, Samuel Herman",0
"Reshevsky, Samuel Herman",0,"Reshevsky, Samuel Herman",0
"Reshevsky, Samuel Herman",0,"Fischer, Robert James",0
"Fischer, Robert James",0,"Fischer, Robert James",0
"Fischer, Robert James",0,"Fischer, Robert James",0
"Fischer, Robert James",0,"Fischer, Robert James",0
"Benko, Pal C",0,"Fischer, Robert James",0
"Benko, Pal C",0,"Fischer, Robert James",0
"Geller, Efim P",0,"Fischer, Robert James",0
"Geller, Efim P",0,"Fischer, Robert James",0
"Fischer, Robert James",0,"Filip, Miroslav",0
"Fischer, Robert James",0,"Filip, Miroslav",0
"Tal, Mihail",0,"Fischer, Robert James",0
"Fischer, Robert James",0,"Fischer, Robert James",0
"Kortschnoj, Viktor",0,"Kortschnoj, Viktor",0
"Kortschnoj, Viktor",0,"Kortschnoj, Viktor",0
"Petrosian, Tigran V",0,"Fischer, Robert James",0
"Fischer, Robert James",0,"Fischer, Robert James",0
"Fischer, Robert James",0,"Keres, Paul",0
"Fischer, Robert James",0,"Keres, Paul",0
"Fischer, Robert James",0,"Benko, Pal C",0
"Fischer, Robert James",0,"Benko, Pal C",0
"Geller, Efim P",0,"Geller, Efim P",0
"Geller, Efim P",0,"Geller, Efim P",0
"Filip, Miroslav",0,"Fischer, Robert James",0
"Fischer, Robert James",0,"Fischer, Robert James",0
"Fischer, Robert James",0,"Tal, Mihail",0
"Fischer, Robert James",0,"Tal, Mihail",0
"Fischer, Robert James",0,"Fischer, Robert James",0
"Fischer, Robert James",0,"Fischer, Robert James",0
"Petrosian, Tigran V",0,"Petrosian, Tigran V",0
"Petrosian, Tigran V",0,"Petrosian, Tigran V",0
"Keres, Paul",0,"Fischer, Robert James",0
"Fischer, Robert James",0,"Fischer, Robert James",0
"Benko, Pal C",0,"Fischer, Robert James",0
"Fischer, Robert James",0,"Fischer, Robert James",0
"Geller, Efim P",0,"Fischer, Robert James",0
"Fischer, Robert James",0,"Fischer, Robert James",0
"Fischer, Robert James",0,"Filip, Miroslav",0
"Fischer, Robert James",0,"Filip, Miroslav",0
"Tal, Mihail",0,"Fischer, Robert James",0
"Fischer, Robert James",0,"Fischer, Robert James",0
"Kortschnoj, Viktor",0,"Kortschnoj, Viktor",0
"Kortschnoj, Viktor",0,"Kortschnoj, Viktor",0
"Petrosian, Tigran V",0,"Fischer, Robert James",0
"Fischer, Robert James",0,"Fischer, Robert James",0
"Keres, Paul",0,"Keres, Paul",0
"Keres, Paul",0,"Keres, Paul",0
"Fischer, Robert James",0,"Benko, Pal C",0
"Fischer, Robert James",0,"Benko, Pal C",0
"Fischer, Robert James",0,"Geller, Efim P",0
"Fischer, Robert James",0,"Geller, Efim P",0
"Filip, Miroslav",0,"Fischer, Robert James",0
"Fischer, Robert James",0,"Fischer, Robert James",0
"Kortschnoj, Viktor",0,"Fischer, Robert James",0
"Fischer, Robert James",0,"Fischer, Robert James",0
"Fischer, Robert James",0,"Petrosian, Tigran V",0
"Petrosian, Tigran V",0,"Petrosian, Tigran V",0
"Keres, Paul",0,"Fischer, Robert James",0
"Fischer, Robert James",0,"Fischer, Robert James",0
"Mednis, Edmar John",0,"Mednis, Edmar John",0
"Mednis, Edmar John",0,"Mednis, Edmar John",0
"Rossolimo, Nicolas",0,"Fischer, Robert James",0
"Fischer, Robert James",0,"Fischer, Robert James",0
"Fischer, Robert James",0,"Berliner, Hans Jack",0
"Fischer, Robert James",0,"Berliner, Hans Jack",0
"Evans, Larry Melvyn",0,"Fischer, Robert James",0
"Fischer, Robert James",0,"Fischer, Robert James",0
"Fischer, Robert James",0,"Reshevsky, Samuel Herman",0
"Fischer, Robert James",0,"Reshevsky, Samuel Herman",0
"Benko, Pal C",0,"Fischer, Robert James",0
"Fischer, Robert James",0,"Fischer, Robert James",0
"Fischer, Robert James",0,"Addison, William",0
"Fischer, Robert James",0,"Addison, William",0
"Fischer, Robert James",0,"Fischer, Robert James",0
"Fischer, Robert James",0,"Fischer, Robert James",0
"Fischer, Robert James",0,"Sherwin, James T",0
"Fischer, Robert James",0,"Sherwin, James T",0
"Byrne, Robert E",0,"Fischer, Robert James",0
"Fischer, Robert James",0,"Fischer, Robert James",0
"Fischer, Robert James",0,"Bisguier, Arthur Bernard",0
"Fischer, Robert James",0,"Bisguier, Arthur Bernard",0
"Teschner, Rudolf",0,"Fischer, Robert James",0
"Fischer, Robert James",0,"Fischer, Robert James",0
"Fischer, Robert James",0,"Benko, Pal C",0
"Benko, Pal C",0,"Benko, Pal C",0
"Fischer, Robert James",0,"Fischer, Robert James",0
"Fischer, Robert James",0,"Fischer, Robert James",0
"Fischer, Robert James",0,"Portisch, Lajos",0
"Fischer, Robert James",0,"Portisch, Lajos",0
"Fischer, Robert James",0,"Fischer, Robert James",0
"Fischer, Robert James",0,"Fischer, Robert James",0
"Fischer, Robert James",0,"Barcza, Gedeon",0
"Fischer, Robert James",0,"Barcza, Gedeon",0
"Fischer, Robert James",0,"Fischer, Robert James",0
"Fischer, Robert James",0,"Fischer, Robert James",0
"Fischer, Robert James",0,"Pomar Salamanca, Arturo",0
"Pomar Salamanca, Arturo",0,"Pomar Salamanca, Arturo",0
"Gligoric, Svetozar",0,"Fischer, Robert James",0
"Fischer, Robert James",0,"Fischer, Robert James",0
"Fischer, Robert James",0,"Schweber, Samuel",0
"Fischer, Robert James",0,"Schweber, Samuel",0
"Fischer, Robert James",0,"Fischer, Robert James",0
"Fischer, Robert James",0,"Fischer, Robert James",0
"Fischer, Robert James",0,"German, Eugenio Maciel",0
"Fischer, Robert James",0,"German, Eugenio Maciel",0
"Fischer, Robert James",0,"Fischer, Robert James",0
"Fischer, Robert James",0,"Fischer, Robert James",0
"Fischer, Robert James",0,"Olafsson, Fridrik",0
"Fischer, Robert James",0,"Olafsson, Fridrik",0
"Stein, Leonid",0,"Fischer, Robert James",0
"Fischer, Robert James",0,"Fischer, Robert James",0
"Fischer, Robert James",0,"Petrosian, Tigran V",0
"Petrosian, Tigran V",0,"Petrosian, Tigran V",0
"Geller, Efim P",0,"Fischer, Robert James",0
"Fischer, Robert James",0,"Fischer, Robert James",0
"Fischer, Robert James",0,"Kortschnoj, Viktor",0
"Fischer, Robert James",0,"Kortschnoj, Viktor",0
"Filip, Miroslav",0,"Fischer, Robert James",0
"Fischer, Robert James",0,"Fischer, Robert James",0
"Fischer, Robert James",0,"Bolbochan, Julio",0
"Fischer, Robert James",0,"Bolbochan, Julio",0
"Fischer, Robert James",0,"Fischer, Robert James",0
"Fischer, Robert James",0,"Fischer, Robert James",0
"Fischer, Robert James",0,"Uhlmann, Wolfgang",0
"Uhlmann, Wolfgang",0,"Uhlmann, Wolfgang",0
"Uhlmann, Wolfgang",0,"Fischer, Robert James",0
"Fischer, Robert James",0,"Fischer, Robert James",0
"Fischer, Robert James",0,"Purevzhav, S.",0
"Fischer, Robert James",0,"Purevzhav, S.",0
"Fischer, Robert James",0,"Najdorf, Miguel",0
"Fischer, Robert James",0,"Najdorf, Miguel",0
"Fischer, Robert James",0,"Padevsky, Nikola",0
"Padevsky, Nikola",0,"Padevsky, Nikola",0
"Filip, Miroslav",0,"Fischer, Robert James",0
"Fischer, Robert James",0,"Fischer, Robert James",0
"Fischer, Robert James",0,"Fischer, Robert James",0
"Fischer, Robert James",0,"Fischer, Robert James",0
"Fischer, Robert James",0,"Aloni, Izak",0
"Fischer, Robert James",0,"Aloni, Izak",0
"Fischer, Robert James",0,"Robatsch, Karl",0
"Fischer, Robert James",0,"Robatsch, Karl",0
"Ciocaltea, Victor",0,"Fischer, Robert James",0
"Ciocaltea, Victor",0,"Fischer, Robert James",0
"Fischer, Robert James",0,"Ciocaltea, Victor",0
"Fischer, Robert James",0,"Ciocaltea, Victor",0
"Donner, Jan Hein",0,"Donner, Jan Hein",0
"Donner, Jan Hein",0,"Donner, Jan Hein",0
"Fischer, Robert James",0,"Fischer, Robert James",0
"Fischer, Robert James",0,"Fischer, Robert James",0
"Fischer, Robert James",0,"Fischer, Robert James",0
"Fischer, Robert James",0,"Fischer, Robert James",0
"Padevsky, Nikola",0,"Fischer, Robert James",0
"Fischer, Robert James",0,"Fischer, Robert James",0
"Fischer, Robert James",0,"Portisch, Lajos",0
"Portisch, Lajos",0,"Portisch, Lajos",0
"Botvinnik, Mikhail",0,"Fischer, Robert James",0
"Fischer, Robert James",0,"Fischer, Robert James",0
"Gligoric, Svetozar",0,"Gligoric, Svetozar",0
"Gligoric, Svetozar",0,"Gligoric, Svetozar",0
"Fischer, Robert James",0,"Fischer, Robert James",0
"Fischer, Robert James",0,"Fischer, Robert James",0
"Poschel, Paul",0,"Fischer, Robert James",0
"Fischer, Robert James",0,"Fischer, Robert James",0
"Fischer, Robert James",0,"Leopoldi, Norbert",0
"Fischer, Robert James",0,"Leopoldi, Norbert",0
"Fischer, Robert James",0,"Fischer, Robert James",0
"Fischer, Robert James",0,"Fischer, Robert James",0
"Fischer, Robert James",0,"Fuller, John A",0
"Fischer, Robert James",0,"Fuller, John A",0
"Fischer, Robert James",0,"Finegold, Ronald",0
"Fischer, Robert James",0,"Finegold, Ronald",0
"Fischer, Robert James",0,"Byrne, Donald",0
"Fischer, Robert James",0,"Byrne, Donald",0
"Fischer, Robert James",0,"Fischer, Robert James",0
"Fischer, Robert James",0,"Fischer, Robert James",0
"Fischer, Robert James",0,"Fischer, Robert James",0
"Fischer, Robert James",0,"Fischer, Robert James",0
"Fischer, Robert James",0,"Benko, Pal C",0
"Fischer, Robert James",0,"Benko, Pal C",0
"Fine, Reuben",0,"Fischer, Robert James",0
"Fine, Reuben",0,"Fischer, Robert James",0
"Fischer, Robert James",0,"Fischer, Robert James",0
"Fischer, Robert James",0,"Fischer, Robert James",0
"Fischer, Robert James",0,"Fine, Reuben",0
"Fischer, Robert James",0,"Fine, Reuben",0
"Reuben, Stewart",0,"Fischer, Robert James",0
"Fischer, Robert James",0,"Fischer, Robert James",0
"Fischer, Robert James",0,"Fine, Reuben",0
"Fischer, Robert James",0,"Fine, Reuben",0
"Fischer, Robert James",0,"Reuben, Stewart",0
"Fischer, Robert James",0,"Reuben, Stewart",0
"Fischer, Robert James",0,"Fischer, Robert James",0
"Fischer, Robert James",0,"Fischer, Robert James",0
"Fischer, Robert James",0,"Evans, Larry Melvyn",0
"Fischer, Robert James",0,"Evans, Larry Melvyn",0
"Fischer, Robert James",0,"Fischer, Robert James",0
"Fischer, Robert James",0,"Fischer, Robert James",0
"Fischer, Robert James",0,"Bisguier, Arthur Bernard",0
"Fischer, Robert James",0,"Bisguier, Arthur Bernard",0
"Fischer, Robert James",0,"Fischer, Robert James",0
"Fischer, Robert James",0,"Fischer, Robert James",0
"Fischer, Robert James",0,"Steinmeyer, Robert",0
"Fischer, Robert James",0,"Steinmeyer, Robert",0
"Fischer, Robert James",0,"Fischer, Robert James",0
"Fischer, Robert James",0,"Fischer, Robert James",0
"Fischer, Robert James",0,"Weinstein, Raymond Allen",0
"Fischer, Robert James",0,"Weinstein, Raymond Allen",0
"Fischer, Robert James",0,"Fischer, Robert James",0
"Fischer, Robert James",0,"Fischer, Robert James",0
"Fischer, Robert James",0,"Benko, Pal C",0
"Fischer, Robert James",0,"Benko, Pal C",0
"Fischer, Robert James",0,"Fischer, Robert James",0
"Fischer, Robert James",0,"Fischer, Robert James",0
"Fischer, Robert James",0,"Beach, TJ.",0
"Fischer, Robert James",0,"Beach, TJ.",0
"Fischer, Robert James",0,"Fischer, Robert James",0
"Fischer, Robert James",0,"Fischer, Robert James",0
"Fischer, Robert James",0,"Bisguier, Arthur Bernard",0
"Fischer, Robert James",0,"Bisguier, Arthur Bernard",0
"Fischer, Robert James",0,"Radojcic, Miroslav",0
"Fischer, Robert James",0,"Radojcic, Miroslav",0
"Fischer, Robert James",0,"Fischer, Robert James",0
"Fischer, Robert James",0,"Fischer, Robert James",0
"Fischer, Robert James",0,"Fischer, Robert James",0
"Fischer, Robert James",0,"Fischer, Robert James",0
"Fischer, Robert James",0,"Mott Smith, KO.",0
"Fischer, Robert James",0,"Mott Smith, KO.",0
"Fischer, Robert James",0,"Fulk, W.",0
"Fulk, W.",0,"Fulk, W.",0
"Fischer, Robert James",0,"Sillars, K.",0
"Fischer, Robert James",0,"Sillars, K.",0
"Fischer, Robert James",0,"Sandrin, Albert",0
"Fischer, Robert James",0,"Sandrin, Albert",0
"Fischer, Robert James",0,"Nyman, Sture",0
"Fischer, Robert James",0,"Nyman, Sture",0
"Fischer, Robert James",0,"Kumro, T.",0
"Fischer, Robert James",0,"Kumro, T.",0
"Fischer, Robert James",0,"Sillars,K/Manter,L",0
"Fischer, Robert James",0,"Sillars,K/Manter,L",0
"Fischer, Robert James",0,"Warren, J.",0
"Warren, J.",0,"Warren, J.",0
"Fischer, Robert James",0,"Kral",0
"Fischer, Robert James",0,"Kral",0
"Fischer, Robert James",0,"Bikulcius, J.",0
"Bikulcius, J.",0,"Bikulcius, J.",0
"Fischer, Robert James",0,"Goranson, W.",0
"Fischer, Robert James",0,"Goranson, W.",0
"Fischer, Robert James",0,"Fajkus, J.",0
"Fischer, Robert James",0,"Fajkus, J.",0
"Fischer, Robert James",0,"De Parry, T.",0
"De Parry, T.",0,"De Parry, T.",0
"Puto, E.",0,"Puto, E.",0
"Puto, E.",0,"Puto, E.",0
"Fischer, Robert James",0,"Sandrin, Albert",0
"Fischer, Robert James",0,"Sandrin, Albert",0
"Fischer, Robert James",0,"Zaas, D.",0
"Fischer, Robert James",0,"Zaas, D.",0
"Fischer, Robert James",0,"Ellison, Derek George",0
"Fischer, Robert James",0,"Ellison, Derek George",0
"Fischer, Robert James",0,"Gloger, J.",0
"Fischer, Robert James",0,"Gloger, J.",0
"Fischer, Robert James",0,"Ina, D.",0
"Fischer, Robert James",0,"Ina, D.",0
"Fischer, Robert James",0,"Kuberczyk, Z.",0
"Fischer, Robert James",0,"Kuberczyk, Z.",0
"Fischer, Robert James",0,"Mobley, H.",0
"Fischer, Robert James",0,"Mobley, H.",0
"Fischer, Robert James",0,"Rubin, Sidney J",0
"Fischer, Robert James",0,"Rubin, Sidney J",0
"Fischer, Robert James",0,"Shifrine, M.",0
"Fischer, Robert James",0,"Shifrine, M.",0
"Fischer, Robert James",0,"Von Oettingen, S.",0
"Fischer, Robert James",0,"Von Oettingen, S.",0
"Fischer, Robert James",0,"Wilkerson, Max",0
"Fischer, Robert James",0,"Wilkerson, Max",0
"Fischer, Robert James",0,"Blackstone, John",0
"Fischer, Robert James",0,"Blackstone, John",0
"Fischer, Robert James",0,"Osbun, E.",0
"Fischer, Robert James",0,"Osbun, E.",0
"Fischer, Robert James",0,"Celle, O.",0
"Fischer, Robert James",0,"Celle, O.",0
"Fischer, Robert James",0,"Hoppe, R.",0
"Fischer, Robert James",0,"Hoppe, R.",0
"Fischer, Robert James",0,"Janushkovsky, A.",0
"Fischer, Robert James",0,"Janushkovsky, A.",0
"Fischer, Robert James",0,"McCaskey, E.",0
"Fischer, Robert James",0,"McCaskey, E.",0
"Platz, Joseph",0,"Platz, Joseph",0
"Platz, Joseph",0,"Platz, Joseph",0
"Fischer, Robert James",0,"Pierce, I.",0
"Pierce, I.",0,"Pierce, I.",0
"Fischer, Robert James",0,"NN",0
"Fischer, Robert James",0,"NN",0
"Fischer, Robert James",0,"McDermott, M.",0
"Fischer, Robert James",0,"McDermott, M.",0
"Fischer, Robert James",0,"Terrone, J.",0
"Fischer, Robert James",0,"Terrone, J.",0
"Fischer, Robert James",0,"Clement, C.",0
"Clement, C.",0,"Clement, C.",0
"Fischer, Robert James",0,"Fischer, Robert James",0
"Fischer, Robert James",0,"Fischer, Robert James",0
"Fischer, Robert James",0,"Smyslov, Vassily",0
"Fischer, Robert James",0,"Smyslov, Vassily",0
"Ciocaltea, Victor",0,"Fischer, Robert James",0
"Fischer, Robert James",0,"Fischer, Robert James",0
"Fischer, Robert James",0,"O'Kelly de Galway, Alberic",0
"O'Kelly de Galway, Alberic",0,"O'Kelly de Galway, Alberic",0
"Fischer, Robert James",0,"Fischer, Robert James",0
"Fischer, Robert James",0,"Fischer, Robert James",0
"Fischer, Robert James",0,"Wade, Robert Graham",0
"Wade, Robert Graham",0,"Wade, Robert Graham",0
"Parma, Bruno",0,"Fischer, Robert James",0
"Fischer, Robert James",0,"Fischer, Robert James",0
"Fischer, Robert James",0,"Szabo, Laszlo",0
"Fischer, Robert James",0,"Szabo, Laszlo",0
"Fischer, Robert James",0,"Fischer, Robert James",0
"Fischer, Robert James",0,"Fischer, Robert James",0
"Ivkov, Borislav",0,"Ivkov, Borislav",0
"Ivkov, Borislav",0,"Ivkov, Borislav",0
"Fischer, Robert James",0,"Fischer, Robert James",0
"Fischer, Robert James",0,"Fischer, Robert James",0
"Fischer, Robert James",0,"Bilek, Istvan",0
"Fischer, Robert James",0,"Bilek, Istvan",0
"Pachman, Ludek",0,"Fischer, Robert James",0
"Fischer, Robert James",0,"Fischer, Robert James",0
"Fischer, Robert James",0,"Cobo Arteaga, Eldis",0
"Fischer, Robert James",0,"Cobo Arteaga, Eldis",0
"Jimenez Zerquera, Eleazar",0,"Fischer, Robert James",0
"Fischer, Robert James",0,"Fischer, Robert James",0
"Fischer, Robert James",0,"Donner, Jan Hein",0
"Fischer, Robert James",0,"Donner, Jan Hein",0
"Geller, Efim P",0,"Fischer, Robert James",0
"Geller, Efim P",0,"Fischer, Robert James",0
"Kholmov, Ratmir D",0,"Kholmov, Ratmir D",0
"Kholmov, Ratmir D",0,"Kholmov, Ratmir D",0
"Fischer, Robert James",0,"Fischer, Robert James",0
"Fischer, Robert James",0,"Fischer, Robert James",0
"Fischer, Robert James",0,"Perez Perez, Francisco Jose",0
"Fischer, Robert James",0,"Perez Perez, Francisco Jose",0
"Fischer, Robert James",0,"Fischer, Robert James",0
"Fischer, Robert James",0,"Fischer, Robert James",0
"Fischer, Robert James",0,"Martinez, Gustavo",0
"Fischer, Robert James",0,"Martinez, Gustavo",0
"Leayza, L.",0,"Leayza, L.",0
"Leayza, L.",0,"Leayza, L.",0
"Addison, William",0,"Fischer, Robert James",0
"Fischer, Robert James",0,"Fischer, Robert James",0
"Fischer, Robert James",0,"Suttles, Duncan",0
"Fischer, Robert James",0,"Suttles, Duncan",0
"Fischer, Robert James",0,"Fischer, Robert James",0
"Fischer, Robert James",0,"Fischer, Robert James",0
"Fischer, Robert James",0,"Benko, Pal C",0
"Fischer, Robert James",0,"Benko, Pal C",0
"Fischer, Robert James",0,"Fischer, Robert James",0
"Fischer, Robert James",0,"Fischer, Robert James",0
"Fischer, Robert James",0,"Zuckerman, Bernard",0
"Fischer, Robert James",0,"Zuckerman, Bernard",0
"Fischer, Robert James",0,"Fischer, Robert James",0
"Fischer, Robert James",0,"Fischer, Robert James",0
"Byrne, Robert E",0,"Byrne, Robert E",0
"Byrne, Robert E",0,"Byrne, Robert E",0
"Reshevsky, Samuel Herman",0,"Fischer, Robert James",0
"Reshevsky, Samuel Herman",0,"Fischer, Robert James",0
"Fischer, Robert James",0,"Rossolimo, Nicolas",0
"Fischer, Robert James",0,"Rossolimo, Nicolas",0
"Fischer, Robert James",0,"Fischer, Robert James",0
"Fischer, Robert James",0,"Fischer, Robert James",0
"Fischer, Robert James",0,"Fischer, Robert James",0
"Fischer, Robert James",0,"Fischer, Robert James",0
"Fischer, Robert James",0,"Spassky, Boris V",0
"Spassky, Boris V",0,"Spassky, Boris V",0
"Fischer, Robert James",0,"Durao, Joaquim",0
"Fischer, Robert James",0,"Durao, Joaquim",0
"Fischer, Robert James",0,"Fischer, Robert James",0
"Fischer, Robert James",0,"Fischer, Robert James",0
"Fischer, Robert James",0,"Olafsson, Fridrik",0
"Fischer, Robert James",0,"Olafsson, Fridrik",0
"Uhlmann, Wolfgang",0,"Fischer, Robert James",0
"Fischer, Robert James",0,"Fischer, Robert James",0
"Fischer, Robert James",0,"Bednarski, Jacek B",0
"Fischer, Robert James",0,"Bednarski, Jacek B",0
"Fischer, Robert James",0,"Portisch, Lajos",0
"Fischer, Robert James",0,"Portisch, Lajos",0
"Fischer, Robert James",0,"Fischer, Robert James",0
"Fischer, Robert James",0,"Fischer, Robert James",0
"Fischer, Robert James",0,"Fischer, Robert James",0
"Fischer, Robert James",0,"Fischer, Robert James",0
"Fischer, Robert James",0,"Johannessen, Svein",0
"Fischer, Robert James",0,"Johannessen, Svein",0
"Fischer, Robert James",0,"Gligoric, Svetozar",0
"Fischer, Robert James",0,"Gligoric, Svetozar",0
"Fischer, Robert James",0,"Fischer, Robert James",0
"Fischer, Robert James",0,"Fischer, Robert James",0
"Fischer, Robert James",0,"Minev, Nikolay N",0
"Fischer, Robert James",0,"Minev, Nikolay N",0
"Fischer, Robert James",0,"Fischer, Robert James",0
"Fischer, Robert James",0,"Fischer, Robert James",0
"Gheorghiu, Florin",0,"Fischer, Robert James",0
"Gheorghiu, Florin",0,"Fischer, Robert James",0
"Fischer, Robert James",0,"Jimenez Zerquera, Eleazar",0
"Fischer, Robert James",0,"Jimenez Zerquera, Eleazar",0
"Fischer, Robert James",0,"Fischer, Robert James",0
"Fischer, Robert James",0,"Fischer, Robert James",0
"Fischer, Robert James",0,"Saidy, Anthony Fred",0
"Fischer, Robert James",0,"Saidy, Anthony Fred",0
"Fischer, Robert James",0,"Fischer, Robert James",0
"Fischer, Robert James",0,"Fischer, Robert James",0
"Fischer, Robert James",0,"Byrne, Robert E",0
"Byrne, Robert E",0,"Byrne, Robert E",0
"Fischer, Robert James",0,"Fischer, Robert James",0
"Fischer, Robert James",0,"Fischer, Robert James",0
"Fischer, Robert James",0,"Zuckerman, Bernard",0
"Fischer, Robert James",0,"Zuckerman, Bernard",0
"Evans, Larry Melvyn",0,"Fischer, Robert James",0
"Fischer, Robert James",0,"Fischer, Robert James",0
"Fischer, Robert James",0,"Addison, William",0
"Addison, William",0,"Addison, William",0
"Fischer, Robert James",0,"Fischer, Robert James",0
"Fischer, Robert James",0,"Fischer, Robert James",0
"Fischer, Robert James",0,"Reshevsky, Samuel Herman",0
"Fischer, Robert James",0,"Reshevsky, Samuel Herman",0
"Fischer, Robert James",0,"Fischer, Robert James",0
"Fischer, Robert James",0,"Fischer, Robert James",0
"Fischer, Robert James",0,"Larsen, Bent",0
"Fischer, Robert James",0,"Larsen, Bent",0
"Reshevsky, Samuel Herman",0,"Fischer, Robert James",0
"Fischer, Robert James",0,"Fischer, Robert James",0
"Fischer, Robert James",0,"Portisch, Lajos",0
"Portisch, Lajos",0,"Portisch, Lajos",0
"Fischer, Robert James",0,"Fischer, Robert James",0
"Fischer, Robert James",0,"Fischer, Robert James",0
"Fischer, Robert James",0,"Donner, Jan Hein",0
"Donner, Jan Hein",0,"Donner, Jan Hein",0
"Unzicker, Wolfgang",0,"Fischer, Robert James",0
"Fischer, Robert James",0,"Fischer, Robert James",0
"Larsen, Bent",0,"Larsen, Bent",0
"Larsen, Bent",0,"Larsen, Bent",0
"Najdorf, Miguel",0,"Fischer, Robert James",0
"Najdorf, Miguel",0,"Fischer, Robert James",0
"Spassky, Boris V",0,"Fischer, Robert James",0
"Spassky, Boris V",0,"Fischer, Robert James",0
"Fischer, Robert James",0,"Petrosian, Tigran V",0
"Petrosian, Tigran V",0,"Petrosian, Tigran V",0
"Fischer, Robert James",0,"Reshevsky, Samuel Herman",0
"Fischer, Robert James",0,"Reshevsky, Samuel Herman",0
"Fischer, Robert James",0,"Fischer, Robert James",0
"Fischer, Robert James",0,"Fischer, Robert James",0
"Fischer, Robert James",0,"Ivkov, Borislav",0
"Fischer, Robert James",0,"Ivkov, Borislav",0
"Fischer, Robert James",0,"Fischer, Robert James",0
"Fischer, Robert James",0,"Fischer, Robert James",0
"Fischer, Robert James",0,"Unzicker, Wolfgang",0
"Unzicker, Wolfgang",0,"Unzicker, Wolfgang",0
"Fischer, Robert James",0,"Fischer, Robert James",0
"Fischer, Robert James",0,"Fischer, Robert James",0
"Fischer, Robert James",0,"Najdorf, Miguel",0
"Fischer, Robert James",0,"Najdorf, Miguel",0
"Fischer, Robert James",0,"Spassky, Boris V",0
"Spassky, Boris V",0,"Spassky, Boris V",0
"Petrosian, Tigran V",0,"Fischer, Robert James",0
"Fischer, Robert James",0,"Fischer, Robert James",0
"Fischer, Robert James",0,"Pascual",0
"Fischer, Robert James",0,"Pascual",0
"Fischer, Robert James",0,"Naranja, Renato",0
"Fischer, Robert James",0,"Naranja, Renato",0
"Balinas, Rosendo Carrean",0,"Fischer, Robert James",0
"Fischer, Robert James",0,"Fischer, Robert James",0
"Fischer, Robert James",0,"Fischer, Robert James",0
"Fischer, Robert James",0,"Fischer, Robert James",0
"Fischer, Robert James",0,"Badilles, Glicerio",0
"Fischer, Robert James",0,"Badilles, Glicerio",0
"Fischer, Robert James",0,"Lontoc, Ramon",0
"Fischer, Robert James",0,"Lontoc, Ramon",0
"Fischer, Robert James",0,"Rodriguez, Ruben",0
"Fischer, Robert James",0,"Rodriguez, Ruben",0
"Fischer, Robert James",0,"Vister, M.",0
"Fischer, Robert James",0,"Vister, M.",0
"Fischer, Robert James",0,"Fischer, Robert James",0
"Fischer, Robert James",0,"Fischer, Robert James",0
"Fischer, Robert James",0,"Fischer, Robert James",0
"Fischer, Robert James",0,"Fischer, Robert James",0
"Fischer, Robert James",0,"Forintos, Gyozo V",0
"Fischer, Robert James",0,"Forintos, Gyozo V",0
"Fischer, Robert James",0,"Fischer, Robert James",0
"Fischer, Robert James",0,"Fischer, Robert James",0
"Fischer, Robert James",0,"Bergraser, Volf",0
"Fischer, Robert James",0,"Bergraser, Volf",0
"Fischer, Robert James",0,"Fischer, Robert James",0
"Fischer, Robert James",0,"Fischer, Robert James",0
"Fischer, Robert James",0,"Smyslov, Vassily",0
"Smyslov, Vassily",0,"Smyslov, Vassily",0
"Matanovic, Aleksandar",0,"Fischer, Robert James",0
"Fischer, Robert James",0,"Fischer, Robert James",0
"Fischer, Robert James",0,"Fischer, Robert James",0
"Fischer, Robert James",0,"Fischer, Robert James",0
"Geller, Efim P",0,"Geller, Efim P",0
"Geller, Efim P",0,"Geller, Efim P",0
"Ilievski, Borce",0,"Fischer, Robert James",0
"Fischer, Robert James",0,"Fischer, Robert James",0
"Geller, Efim P",0,"Geller, Efim P",0
"Geller, Efim P",0,"Geller, Efim P",0
"Fischer, Robert James",0,"Fischer, Robert James",0
"Fischer, Robert James",0,"Fischer, Robert James",0
"Fischer, Robert James",0,"Dely, Peter",0
"Fischer, Robert James",0,"Dely, Peter",0
"Fischer, Robert James",0,"Fischer, Robert James",0
"Fischer, Robert James",0,"Fischer, Robert James",0
"Fischer, Robert James",0,"Panov, Vladimir",0
"Fischer, Robert James",0,"Panov, Vladimir",0
"Fischer, Robert James",0,"Fischer, Robert James",0
"Fischer, Robert James",0,"Fischer, Robert James",0
"Fischer, Robert James",0,"Fischer, Robert James",0
"Fischer, Robert James",0,"Fischer, Robert James",0
"Fischer, Robert James",0,"Bukic, Enver",0
"Fischer, Robert James",0,"Bukic, Enver",0
"Knezevic, Milorad",0,"Fischer, Robert James",0
"Fischer, Robert James",0,"Fischer, Robert James",0
"Fischer, Robert James",0,"Popov, Luben",0
"Popov, Luben",0,"Popov, Luben",0
"Janosevic, Dragoljub",0,"Fischer, Robert James",0
"Janosevic, Dragoljub",0,"Fischer, Robert James",0
"Fischer, Robert James",0,"Matulovic, Milan",0
"Fischer, Robert James",0,"Matulovic, Milan",0
"Fischer, Robert James",0,"Fischer, Robert James",0
"Fischer, Robert James",0,"Fischer, Robert James",0
"Fischer, Robert James",0,"Soos, Bela",0
"Fischer, Robert James",0,"Soos, Bela",0
"Fischer, Robert James",0,"Fischer, Robert James",0
"Fischer, Robert James",0,"Fischer, Robert James",0
"Fischer, Robert James",0,"Sofrevski, Jovan",0
"Fischer, Robert James",0,"Sofrevski, Jovan",0
"Fischer, Robert James",0,"Barczay, Laszlo",0
"Fischer, Robert James",0,"Barczay, Laszlo",0
"Portisch, Lajos",0,"Fischer, Robert James",0
"Fischer, Robert James",0,"Fischer, Robert James",0
"Fischer, Robert James",0,"Myagmarsuren, Lhamsuren",0
"Fischer, Robert James",0,"Myagmarsuren, Lhamsuren",0
"Fischer, Robert James",0,"Fischer, Robert James",0
"Fischer, Robert James",0,"Fischer, Robert James",0
"Fischer, Robert James",0,"Sarapu, Ortvin",0
"Fischer, Robert James",0,"Sarapu, Ortvin",0
"Kavalek, Lubomir",0,"Fischer, Robert James",0
"Fischer, Robert James",0,"Fischer, Robert James",0
"Fischer, Robert James",0,"Stein, Leonid",0
"Fischer, Robert James",0,"Stein, Leonid",0
"Kortschnoj, Viktor",0,"Fischer, Robert James",0
"Fischer, Robert James",0,"Fischer, Robert James",0
"Fischer, Robert James",0,"Reshevsky, Samuel Herman",0
"Fischer, Robert James",0,"Reshevsky, Samuel Herman",0
"Fischer, Robert James",0,"Fischer, Robert James",0
"Fischer, Robert James",0,"Fischer, Robert James",0
"Fischer, Robert James",0,"Ornithopoulos, Nikolaos",0
"Fischer, Robert James",0,"Ornithopoulos, Nikolaos",0
"Fischer, Robert James",0,"Trikaliotis, Georgios",0
"Trikaliotis, Georgios",0,"Trikaliotis, Georgios",0
"Fischer, Robert James",0,"Fischer, Robert James",0
"Fischer, Robert James",0,"Fischer, Robert James",0
"Fischer, Robert James",0,"Fischer, Robert James",0
"Fischer, Robert James",0,"Fischer, Robert James",0
"Fischer, Robert James",0,"Anastassopulos, A.",0
"Fischer, Robert James",0,"Anastassopulos, A.",0
"Fischer, Robert James",0,"Hamann, Svend",0
"Fischer, Robert James",0,"Hamann, Svend",0
"Kraidman, Yair",0,"Fischer, Robert James",0
"Fischer, Robert James",0,"Fischer, Robert James",0
"Fischer, Robert James",0,"Czerniak, Moshe",0
"Fischer, Robert James",0,"Czerniak, Moshe",0
"Fischer, Robert James",0,"Fischer, Robert James",0
"Fischer, Robert James",0,"Fischer, Robert James",0
"Fischer, Robert James",0,"Kagan, Shimon",0
"Fischer, Robert James",0,"Kagan, Shimon",0
"Porath, Yosef",0,"Fischer, Robert James",0
"Fischer, Robert James",0,"Fischer, Robert James",0
"Fischer, Robert James",0,"Ree, Hans",0
"Fischer, Robert James",0,"Ree, Hans",0
"Fischer, Robert James",0,"Fischer, Robert James",0
"Fischer, Robert James",0,"Fischer, Robert James",0
"Fischer, Robert James",0,"Domnitz, Zadok",0
"Fischer, Robert James",0,"Domnitz, Zadok",0
"Fischer, Robert James",0,"Fischer, Robert James",0
"Fischer, Robert James",0,"Fischer, Robert James",0
"Fischer, Robert James",0,"Geller, Uzi",0
"Fischer, Robert James",0,"Geller, Uzi",0
"Fischer, Robert James",0,"Yanofsky, Daniel Abraham",0
"Yanofsky, Daniel Abraham",0,"Yanofsky, Daniel Abraham",0
"Fischer, Robert James",0,"Fischer, Robert James",0
"Fischer, Robert James",0,"Fischer, Robert James",0
"Fischer, Robert James",0,"Wade, Robert Graham",0
"Fischer, Robert James",0,"Wade, Robert Graham",0
"Fischer, Robert James",0,"Jovanovac, I.",0
"Fischer, Robert James",0,"Jovanovac, I.",0
"Fischer, Robert James",0,"Fischer, Robert James",0
"Fischer, Robert James",0,"Fischer, Robert James",0
"Fischer, Robert James",0,"Hort, Vlastimil",0
"Hort, Vlastimil",0,"Hort, Vlastimil",0
"Fischer, Robert James",0,"Fischer, Robert James",0
"Fischer, Robert James",0,"Fischer, Robert James",0
"Fischer, Robert James",0,"Minic, Dragoljub",0
"Fischer, Robert James",0,"Minic, Dragoljub",0
"Fischer, Robert James",0,"Fischer, Robert James",0
"Fischer, Robert James",0,"Fischer, Robert James",0
"Fischer, Robert James",0,"Matanovic, Aleksandar",0
"Fischer, Robert James",0,"Matanovic, Aleksandar",0
"Fischer, Robert James",0,"Fischer, Robert James",0
"Fischer, Robert James",0,"Fischer, Robert James",0
"Fischer, Robert James",0,"Robatsch, Karl",0
"Robatsch, Karl",0,"Robatsch, Karl",0
"Byrne, Donald",0,"Fischer, Robert James",0
"Fischer, Robert James",0,"Fischer, Robert James",0
"Fischer, Robert James",0,"Gheorghiu, Florin",0
"Gheorghiu, Florin",0,"Gheorghiu, Florin",0
"Fischer, Robert James",0,"Fischer, Robert James",0
"Fischer, Robert James",0,"Fischer, Robert James",0
"Fischer, Robert James",0,"Fischer, Robert James",0
"Fischer, Robert James",0,"Fischer, Robert James",0
"Fischer, Robert James",0,"Petrosian, Tigran V",0
"Fischer, Robert James",0,"Petrosian, Tigran V",0
"Fischer, Robert James",0,"Fischer, Robert James",0
"Fischer, Robert James",0,"Fischer, Robert James",0
"Fischer, Robert James",0,"Petrosian, Tigran V",0
"Petrosian, Tigran V",0,"Petrosian, Tigran V",0
"Petrosian, Tigran V",0,"Fischer, Robert James",0
"Fischer, Robert James",0,"Fischer, Robert James",0
"Fischer, Robert James",0,"Tukmakov, Vladimir B",0
"Fischer, Robert James",0,"Tukmakov, Vladimir B",0
"Fischer, Robert James",0,"Fischer, Robert James",0
"Fischer, Robert James",0,"Fischer, Robert James",0
"Fischer, Robert James",0,"Gheorghiu, Florin",0
"Fischer, Robert James",0,"Gheorghiu, Florin",0
"Fischer, Robert James",0,"Schweber, Samuel",0
"Fischer, Robert James",0,"Schweber, Samuel",0
"Fischer, Robert James",0,"Fischer, Robert James",0
"Fischer, Robert James",0,"Fischer, Robert James",0
"Fischer, Robert James",0,"O'Kelly de Galway, Alberic",0
"Fischer, Robert James",0,"O'Kelly de Galway, Alberic",0
"Najdorf, Miguel",0,"Fischer, Robert James",0
"Fischer, Robert James",0,"Fischer, Robert James",0
"Fischer, Robert James",0,"Panno, Oscar",0
"Fischer, Robert James",0,"Panno, Oscar",0
"Fischer, Robert James",0,"Fischer, Robert James",0
"Fischer, Robert James",0,"Fischer, Robert James",0
"Fischer, Robert James",0,"Rossetto, Hector",0
"Fischer, Robert James",0,"Rossetto, Hector",0
"Fischer, Robert James",0,"Fischer, Robert James",0
"Fischer, Robert James",0,"Fischer, Robert James",0
"Fischer, Robert James",0,"Bisguier, Arthur Bernard",0
"Fischer, Robert James",0,"Bisguier, Arthur Bernard",0
"Mecking, Henrique",0,"Fischer, Robert James",0
"Fischer, Robert James",0,"Fischer, Robert James",0
"Fischer, Robert James",0,"Rubinetti, Jorge A",0
"Fischer, Robert James",0,"Rubinetti, Jorge A",0
"Reshevsky, Samuel Herman",0,"Fischer, Robert James",0
"Fischer, Robert James",0,"Fischer, Robert James",0
"Fischer, Robert James",0,"Garcia, Raimundo",0
"Fischer, Robert James",0,"Garcia, Raimundo",0
"Smyslov, Vassily",0,"Fischer, Robert James",0
"Fischer, Robert James",0,"Fischer, Robert James",0
"Fischer, Robert James",0,"Fischer, Robert James",0
"Fischer, Robert James",0,"Fischer, Robert James",0
"Fischer, Robert James",0,"Reshevsky, Samuel Herman",0
"Fischer, Robert James",0,"Reshevsky, Samuel Herman",0
"Fischer, Robert James",0,"Tal, Mihail",0
"Fischer, Robert James",0,"Tal, Mihail",0
"Fischer, Robert James",0,"Uhlmann, Wolfgang",0
"Fischer, Robert James",0,"Uhlmann, Wolfgang",0
"Fischer, Robert James",0,"Fischer, Robert James",0
"Fischer, Robert James",0,"Fischer, Robert James",0
"Fischer, Robert James",0,"Fischer, Robert James",0
"Fischer, Robert James",0,"Fischer, Robert James",0
"Fischer, Robert James",0,"Fischer, Robert James",0
"Fischer, Robert James",0,"Fischer, Robert James",0
"Fischer, Robert James",0,"Smyslov, Vassily",0
"Fischer, Robert James",0,"Smyslov, Vassily",0
"Fischer, Robert James",0,"Fischer, Robert James",0
"Fischer, Robert James",0,"Fischer, Robert James",0
"Uhlmann, Wolfgang",0,"Fischer, Robert James",0
"Fischer, Robert James",0,"Fischer, Robert James",0
"Fischer, Robert James",0,"Bronstein, David I",0
"Bronstein, David I",0,"Bronstein, David I",0
"Fischer, Robert James",0,"Hort, Vlastimil",0
"Hort, Vlastimil",0,"Hort, Vlastimil",0
"Fischer, Robert James",0,"Fischer, Robert James",0
"Fischer, Robert James",0,"Fischer, Robert James",0
"Fischer, Robert James",0,"Fischer, Robert James",0
"Fischer, Robert James",0,"Fischer, Robert James",0
"Reshevsky, Samuel Herman",0,"Fischer, Robert James",0
"Fischer, Robert James",0,"Fischer, Robert James",0
"Fischer, Robert James",0,"Ivkov, Borislav",0
"Fischer, Robert James",0,"Ivkov, Borislav",0
"Kortschnoj, Viktor",0,"Kortschnoj, Viktor",0
"Kortschnoj, Viktor",0,"Kortschnoj, Viktor",0
"Fischer, Robert James",0,"Matulovic, Milan",0
"Fischer, Robert James",0,"Matulovic, Milan",0
"Fischer, Robert James",0,"Ostojic, Predrag",0
"Fischer, Robert James",0,"Ostojic, Predrag",0
"Fischer, Robert James",0,"Fischer, Robert James",0
"Fischer, Robert James",0,"Fischer, Robert James",0
"Fischer, Robert James",0,"Fischer, Robert James",0
"Fischer, Robert James",0,"Fischer, Robert James",0
"Fischer, Robert James",0,"Petrosian, Tigran V",0
"Fischer, Robert James",0,"Petrosian, Tigran V",0
"Fischer, Robert James",0,"Huebner, Robert",0
"Huebner, Robert",0,"Huebner, Robert",0
"Fischer, Robert James",0,"Fischer, Robert James",0
"Fischer, Robert James",0,"Fischer, Robert James",0
"Fischer, Robert James",0,"Addison, William",0
"Fischer, Robert James",0,"Addison, William",0
"Fischer, Robert James",0,"Filip, Miroslav",0
"Fischer, Robert James",0,"Filip, Miroslav",0
"Fischer, Robert James",0,"Fischer, Robert James",0
"Fischer, Robert James",0,"Fischer, Robert James",0
"Fischer, Robert James",0,"Fischer, Robert James",0
"Fischer, Robert James",0,"Fischer, Robert James",0
"Fischer, Robert James",0,"Matulovic, Milan",0
"Matulovic, Milan",0,"Matulovic, Milan",0
"Naranja, Renato",0,"Fischer, Robert James",0
"Fischer, Robert James",0,"Fischer, Robert James",0
"Larsen, Bent",0,"Larsen, Bent",0
"Larsen, Bent",0,"Larsen, Bent",0
"Portisch, Lajos",0,"Fischer, Robert James",0
"Fischer, Robert James",0,"Fischer, Robert James",0
"Fischer, Robert James",0,"Polugaevsky, Lev",0
"Polugaevsky, Lev",0,"Polugaevsky, Lev",0
"Fischer, Robert James",0,"Fischer, Robert James",0
"Fischer, Robert James",0,"Fischer, Robert James",0
"Fischer, Robert James",0,"Ivkov, Borislav",0
"Fischer, Robert James",0,"Ivkov, Borislav",0
"Fischer, Robert James",0,"Fischer, Robert James",0
"Fischer, Robert James",0,"Fischer, Robert James",0
"Fischer, Robert James",0,"Jimenez Zerquera, Eleazar",0
"Jimenez Zerquera, Eleazar",0,"Jimenez Zerquera, Eleazar",0
"Ujtumen, Tudev",0,"Fischer, Robert James",0
"Fischer, Robert James",0,"Fischer, Robert James",0
"Fischer, Robert James",0,"Rubinetti, Jorge A",0
"Fischer, Robert James",0,"Rubinetti, Jorge A",0
"Fischer, Robert James",0,"Fischer, Robert James",0
"Fischer, Robert James",0,"Fischer, Robert James",0
"Fischer, Robert James",0,"Taimanov, Mark E",0
"Fischer, Robert James",0,"Taimanov, Mark E",0
"Fischer, Robert James",0,"Fischer, Robert James",0
"Fischer, Robert James",0,"Fischer, Robert James",0
"Fischer, Robert James",0,"Mecking, Henrique",0
"Fischer, Robert James",0,"Mecking, Henrique",0
"Fischer, Robert James",0,"Fischer, Robert James",0
"Fischer, Robert James",0,"Fischer, Robert James",0
"Fischer, Robert James",0,"Panno, Oscar",0
"Fischer, Robert James",0,"Panno, Oscar",0
"Fischer, Robert James",0,"Andersson, Ulf",0
"Fischer, Robert James",0,"Andersson, Ulf",0
"Fischer, Robert James",0,"Fischer, Robert James",0
"Fischer, Robert James",0,"Fischer, Robert James",0
"Fischer, Robert James",0,"Camara, Helder",0
"Fischer, Robert James",0,"Camara, Helder",0
"Fischer, Robert James",0,"Fischer, Robert James",0
"Fischer, Robert James",0,"Fischer, Robert James",0
"Fischer, Robert James",0,"Hook, William",0
"Fischer, Robert James",0,"Hook, William",0
"Fischer, Robert James",0,"Ibrahimoglu, Ismet",0
"Fischer, Robert James",0,"Ibrahimoglu, Ismet",0
"Uhlmann, Wolfgang",0,"Fischer, Robert James",0
"Fischer, Robert James",0,"Fischer, Robert James",0
"Gheorghiu, Florin",0,"Fischer, Robert James",0
"Fischer, Robert James",0,"Fischer, Robert James",0
"Fischer, Robert James",0,"Najdorf, Miguel",0
"Fischer, Robert James",0,"Najdorf, Miguel",0
"Spassky, Boris V",0,"Fischer, Robert James",0
"Spassky, Boris V",0,"Fischer, Robert James",0
"Fischer, Robert James",0,"Unzicker, Wolfgang",0
"Fischer, Robert James",0,"Unzicker, Wolfgang",0
"Fischer, Robert James",0,"Fischer, Robert James",0
"Fischer, Robert James",0,"Fischer, Robert James",0
"Fischer, Robert James",0,"Hort, Vlastimil",0
"Hort, Vlastimil",0,"Hort, Vlastimil",0
"Portisch, Lajos",0,"Fischer, Robert James",0
"Fischer, Robert James",0,"Fischer, Robert James",0
"Christoph, Manfred",0,"Christoph, Manfred",0
"Christoph, Manfred",0,"Christoph, Manfred",0
"NN",0,"NN",0
"NN",0,"NN",0
"Fischer, Robert James",0,"Fischer, Robert James",0
"Fischer, Robert James",0,"Fischer, Robert James",0
"Fischer, Robert James",0,"Nicevski, Risto",0
"Fischer, Robert James",0,"Nicevski, Risto",0
"Fischer, Robert James",0,"Fischer, Robert James",0
"Fischer, Robert James",0,"Fischer, Robert James",0
"Fischer, Robert James",0,"Marovic, Drazen",0
"Fischer, Robert James",0,"Marovic, Drazen",0
"Ivkov, Borislav",0,"Fischer, Robert James",0
"Fischer, Robert James",0,"Fischer, Robert James",0
"Fischer, Robert James",0,"Uhlmann, Wolfgang",0
"Fischer, Robert James",0,"Uhlmann, Wolfgang",0
"Fischer, Robert James",0,"Fischer, Robert James",0
"Fischer, Robert James",0,"Fischer, Robert James",0
"Kovacevic, Vlatko",0,"Kovacevic, Vlatko",0
"Kovacevic, Vlatko",0,"Kovacevic, Vlatko",0
"Smyslov, Vassily",0,"Fischer, Robert James",0
"Fischer, Robert James",0,"Fischer, Robert James",0
"Fischer, Robert James",0,"Gligoric, Svetozar",0
"Fischer, Robert James",0,"Gligoric, Svetozar",0
"Fischer, Robert James",0,"Fischer, Robert James",0
"Fischer, Robert James",0,"Fischer, Robert James",0
"Fischer, Robert James",0,"Udovcic, Mijo",0
"Fischer, Robert James",0,"Udovcic, Mijo",0
"Hort, Vlastimil",0,"Fischer, Robert James",0
"Fischer, Robert James",0,"Fischer, Robert James",0
"Fischer, Robert James",0,"Bertok, Mario",0
"Fischer, Robert James",0,"Bertok, Mario",0
"Browne, Walter S",0,"Fischer, Robert James",0
"Fischer, Robert James",0,"Fischer, Robert James",0
"Fischer, Robert James",0,"Kortschnoj, Viktor",0
"Kortschnoj, Viktor",0,"Kortschnoj, Viktor",0
"Petrosian, Tigran V",0,"Fischer, Robert James",0
"Fischer, Robert James",0,"Fischer, Robert James",0
"Rubinstein, Jose",0,"Rubinstein, Jose",0
"Rubinstein, Jose",0,"Rubinstein, Jose",0
"Fischer, Robert James",0,"Szmetan, Jorge",0
"Szmetan, Jorge",0,"Szmetan, Jorge",0
"Fischer, Robert James",0,"Petrosian, Tigran V",0
"Fischer, Robert James",0,"Petrosian, Tigran V",0
"Petrosian, Tigran V",0,"Fischer, Robert James",0
"Petrosian, Tigran V",0,"Fischer, Robert James",0
"Fischer, Robert James",0,"Petrosian, Tigran V",0
"Petrosian, Tigran V",0,"Petrosian, Tigran V",0
"Petrosian, Tigran V",0,"Fischer, Robert James",0
"Fischer, Robert James",0,"Fischer, Robert James",0
"Fischer, Robert James",0,"Petrosian, Tigran V",0
"Petrosian, Tigran V",0,"Petrosian, Tigran V",0
"Fischer, Robert James",0,"Fischer, Robert James",0
"Fischer, Robert James",0,"Fischer, Robert James",0
"Fischer, Robert James",0,"Petrosian, Tigran V",0
"Fischer, Robert James",0,"Petrosian, Tigran V",0
"Fischer, Robert James",0,"Fischer, Robert James",0
"Fischer, Robert James",0,"Fischer, Robert James",0
"Fischer, Robert James",0,"Petrosian, Tigran V",0
"Fischer, Robert James",0,"Petrosian, Tigran V",0
"Fischer, Robert James",0,"Larsen, Bent",0
"Fischer, Robert James",0,"Larsen, Bent",0
"Fischer, Robert James",0,"Fischer, Robert James",0
"Fischer, Robert James",0,"Fischer, Robert James",0
"Fischer, Robert James",0,"Larsen, Bent",0
"Fischer, Robert James",0,"Larsen, Bent",0
"Fischer, Robert James",0,"Fischer, Robert James",0
"Fischer, Robert James",0,"Fischer, Robert James",0
"Fischer, Robert James",0,"Larsen, Bent",0
"Fischer, Robert James",0,"Larsen, Bent",0
"Fischer, Robert James",0,"Fischer, Robert James",0
"Fischer, Robert James",0,"Fischer, Robert James",0
"Fischer, Robert James",0,"Fischer, Robert James",0
"Fischer, Robert James",0,"Fischer, Robert James",0
"Fischer, Robert James",0,"Shipman, Walter",0
"Fischer, Robert James",0,"Shipman, Walter",0
"Fischer, Robert James",0,"Gore, James",0
"Fischer, Robert James",0,"Gore, James",0
"Fischer, Robert James",0,"Feuerstein, Arthur William",0
"Fischer, Robert James",0,"Feuerstein, Arthur William",0
"Fischer, Robert James",0,"Fischer, Robert James",0
"Fischer, Robert James",0,"Fischer, Robert James",0
"Fischer, Robert James",0,"Byrne, Robert E",0
"Fischer, Robert James",0,"Byrne, Robert E",0
"Fischer, Robert James",0,"Brandts, Paul",0
"Fischer, Robert James",0,"Brandts, Paul",0
"Fischer, Robert James",0,"Fischer, Robert James",0
"Fischer, Robert James",0,"Fischer, Robert James",0
"Fischer, Robert James",0,"Soltis, Andrew E",0
"Fischer, Robert James",0,"Soltis, Andrew E",0
"Shipman, Walter",0,"Fischer, Robert James",0
"Fischer, Robert James",0,"Fischer, Robert James",0
"Fischer, Robert James",0,"Mednis, Edmar John",0
"Fischer, Robert James",0,"Mednis, Edmar John",0
"Fischer, Robert James",0,"Kramer, George Mortimer",0
"Fischer, Robert James",0,"Kramer, George Mortimer",0
"Fischer, Robert James",0,"Fischer, Robert James",0
"Fischer, Robert James",0,"Fischer, Robert James",0
"Fischer, Robert James",0,"Fischer, Robert James",0
"Fischer, Robert James",0,"Fischer, Robert James",0
"Fischer, Robert James",0,"Fischer, Robert James",0
"Fischer, Robert James",0,"Fischer, Robert James",0
"Fischer, Robert James",0,"Taimanov, Mark E",0
"Fischer, Robert James",0,"Taimanov, Mark E",0
"Fischer, Robert James",0,"Fischer, Robert James",0
"Fischer, Robert James",0,"Fischer, Robert James",0
"Fischer, Robert James",0,"Taimanov, Mark E",0
"Fischer, Robert James",0,"Taimanov, Mark E",0
"Fischer, Robert James",0,"Fischer, Robert James",0
"Fischer, Robert James",0,"Fischer, Robert James",0
"Fischer, Robert James",0,"Taimanov, Mark E",0
"Fischer, Robert James",0,"Taimanov, Mark E",0
"Spassky, Boris V",0,"Fischer, Robert James",0
"Spassky, Boris V",0,"Fischer, Robert James",0
"Spassky, Boris V",0,"Spassky, Boris V",0
"Spassky, Boris V",0,"Spassky, Boris V",0
"Fischer, Robert James",0,"Fischer, Robert James",0
"Fischer, Robert James",0,"Fischer, Robert James",0
"Fischer, Robert James",0,"Spassky, Boris V",0
"Spassky, Boris V",0,"Spassky, Boris V",0
"Fischer, Robert James",0,"Fischer, Robert James",0
"Fischer, Robert James",0,"Fischer, Robert James",0
"Fischer, Robert James",0,"Spassky, Boris V",0
"Fischer, Robert James",0,"Spassky, Boris V",0
"Spassky, Boris V",0,"Fischer, Robert James",0
"Fischer, Robert James",0,"Fischer, Robert James",0
"Fischer, Robert James",0,"Spassky, Boris V",0
"Fischer, Robert James",0,"Spassky, Boris V",0
"Spassky, Boris V",0,"Fischer, Robert James",0
"Fischer, Robert James",0,"Fischer, Robert James",0
"Fischer, Robert James",0,"Spassky, Boris V",0
"Fischer, Robert James",0,"Spassky, Boris V",0
"Spassky, Boris V",0,"Fischer, Robert James",0
"Spassky, Boris V",0,"Fischer, Robert James",0
"Fischer, Robert James",0,"Spassky, Boris V",0
"Spassky, Boris V",0,"Spassky, Boris V",0
"Fischer, Robert James",0,"Fischer, Robert James",0
"Fischer, Robert James",0,"Fischer, Robert James",0
"Fischer, Robert James",0,"Spassky, Boris V",0
"Spassky, Boris V",0,"Spassky, Boris V",0
"Spassky, Boris V",0,"Fischer, Robert James",0
"Fischer, Robert James",0,"Fischer, Robert James",0
"Fischer, Robert James",0,"Spassky, Boris V",0
"Spassky, Boris V",0,"Spassky, Boris V",0
"Spassky, Boris V",0,"Fischer, Robert James",0
"Fischer, Robert James",0,"Fischer, Robert James",0
"Fischer, Robert James",0,"Spassky, Boris V",0
"Spassky, Boris V",0,"Spassky, Boris V",0
"Spassky, Boris V",0,"Fischer, Robert James",0
"Fischer, Robert James",0,"Fischer, Robert James",0
"Fischer, Robert James",0,"Spassky, Boris V",0
"Spassky, Boris V",0,"Spassky, Boris V",0
"Fischer, Robert James",0,"Fischer, Robert James",0
"Fischer, Robert James",0,"Fischer, Robert James",0
"Fischer, Robert James",0,"Fischer, Robert James",0
"Fischer, Robert James",0,"Fischer, Robert James",0
"Fischer, Robert James",0,"Fischer, Robert James",0
"Fischer, Robert James",0,"Fischer, Robert James",0
"Fischer, Robert James",0,"Greenblatt Programm",0
"Fischer, Robert James",0,"Greenblatt Programm",0
"Fischer, Robert James",0,"Spassky, Boris V",0
"Fischer, Robert James",0,"Spassky, Boris V",0
"Spassky, Boris V",0,"Fischer, Robert James",0
"Fischer, Robert James",0,"Fischer, Robert James",0
"Fischer, Robert James",0,"Spassky, Boris V",0
"Spassky, Boris V",0,"Spassky, Boris V",0
"Spassky, Boris V",0,"Fischer, Robert James",0
"Spassky, Boris V",0,"Fischer, Robert James",0
"Spassky, Boris V",0,"Spassky, Boris V",0
"Spassky, Boris V",0,"Spassky, Boris V",0
"Spassky, Boris V",0,"Fischer, Robert James",0
"Fischer, Robert James",0,"Fischer, Robert James",0
"Fischer, Robert James",0,"Spassky, Boris V",0
"Fischer, Robert James",0,"Spassky, Boris V",0
"Fischer, Robert James",0,"Fischer, Robert James",0
"Fischer, Robert James",0,"Fischer, Robert James",0
"Fischer, Robert James",0,"Spassky, Boris V",0
"Fischer, Robert James",0,"Spassky, Boris V",0
"Spassky, Boris V",0,"Fischer, Robert James",0
"Fischer, Robert James",0,"Fischer, Robert James",0
"Fischer, Robert James",0,"Spassky, Boris V",0
"Fischer, Robert James",0,"Spassky, Boris V",0
"Spassky, Boris V",0,"Fischer, Robert James",0
"Spassky, Boris V",0,"Fischer, Robert James",0
"Fischer, Robert James",0,"Spassky, Boris V",0
"Spassky, Boris V",0,"Spassky, Boris V",0
"Spassky, Boris V",0,"Fischer, Robert James",0
"Fischer, Robert James",0,"Fischer, Robert James",0
"Fischer, Robert James",0,"Spassky, Boris V",0
"Spassky, Boris V",0,"Spassky, Boris V",0
"Fischer, Robert James",0,"Fischer, Robert James",0
"Fischer, Robert James",0,"Fischer, Robert James",0
"Fischer, Robert James",0,"Spassky, Boris V",0
"Fischer, Robert James",0,"Spassky, Boris V",0
"Spassky, Boris V",0,"Fischer, Robert James",0
"Fischer, Robert James",0,"Fischer, Robert James",0
"Fischer, Robert James",0,"Spassky, Boris V",0
"Spassky, Boris V",0,"Spassky, Boris V",0
"Spassky, Boris V",0,"Fischer, Robert James",0
"Spassky, Boris V",0,"Fischer, Robert James",0
"Fischer, Robert James",0,"Spassky, Boris V",0
"Fischer, Robert James",0,"Spassky, Boris V",0
"Spassky, Boris V",0,"Fischer, Robert James",0
"Fischer, Robert James",0,"Fischer, Robert James",0
"Fischer, Robert James",0,"Spassky, Boris V",0
"Spassky, Boris V",0,"Spassky, Boris V",0
"Spassky, Boris V",0,"Fischer, Robert James",0
"Fischer, Robert James",0,"Fischer, Robert James",0
"Fischer, Robert James",0,"Spassky, Boris V",0
"Fischer, Robert James",0,"Spassky, Boris V",0
"Spassky, Boris V",0,"Fischer, Robert James",0
"Spassky, Boris V",0,"Fischer, Robert James",0
"Fischer, Robert James",0,"Spassky, Boris V",0
"Spassky, Boris V",0,"Spassky, Boris V",0
"Spassky, Boris V",0,"Fischer, Robert James",0
"Fischer, Robert James",0,"Fischer, Robert James",0
"Fischer, Robert James",0,"Spassky, Boris V",0
"Spassky, Boris V",0,"Spassky, Boris V",0
"Fischer, Robert James",0,"Fischer, Robert James",0
"Fischer, Robert James",0,"Fischer, Robert James",0
